NO CLIENTE,NÚMERO DE PEDIDO,NOMBRE DEL CLIENTE,DESTINO,FECHA DE ENVÍO,PROMESA DE ENTREGA,FECHA DE ENTREGA REAL,FLETERA,NÚMERO DE GUÍA,COSTO DE LA GUÍA,CANTIDAD DE CAJAS,COMENTARIOS
C05558,232828,IBEROSTAR PUNTA MITA,"BAHIA DE BANDERAS, NAY",06/01/2026,08/01/2026,06/01/2026,TRES GUERRAS,GLZ02763067,533.11,1,Sin Informacion
C03030,232830,FIESTA INN AGUASCALIENTES PATIO  (FIAGP),"AGUASCALIENTES, AGS",05/01/2026,07/01/2026,06/01/2026,TRES GUERRAS,GLZ02762993,400,1,07 EMBARQUE ENTREGADO
C06778,232831,FIESTA INN MERIDA FIMER2,"MERIDA, YUC",05/01/2026,08/01/2026,07/01/2026,TRES GUERRAS,GLZ02762965,445,1,07 EMBARQUE ENTREGADO
C05498,232832,FIESTA AMERICANA EXPLOREAN KOHUNLICH (EXKO),"CHETUMAL, QR",05/01/2026,12/01/2026,,CASTORES,14270169635,360,1,Sin comentarios
C07427,232833,INSUMOS DEL NORTE,"CD JUAREZ, CHI",05/01/2026,08/01/2026,07/01/2026,TRES GUERRAS,GLZ02762954,445,1,07 EMBARQUE ENTREGADO
C04404,232834,FIESTA AMERICANA MERIDA FAMD,"MERIDA, YUC",05/01/2026,08/01/2026,07/01/2026,TRES GUERRAS,GLZ02762948,445,1,07 EMBARQUE ENTREGADO
C05494,232835,FIESTA INN INSURGENTES SUR (FITIN),"MEXICO, DF",05/01/2026,07/01/2026,06/01/2026,TRES GUERRAS,GLZ02763019,400,2,07 EMBARQUE ENTREGADO
C06736,232836,FIESTA INN PLAZA CENTRAL  (FIPLC2),"CIUDAD DE MEXICO, CMX",05/01/2026,07/01/2026,,EXXPREZO,0-1750410,160,4,Sin comentarios
C05486,232837,FIESTA INN MEXICO CENTRO HISTORICO  (FICEN),"MEXICO, DF",05/01/2026,07/01/2026,,EXXPREZO,0-1750164,440,11,Sin comentarios
C06778,232838,FIESTA INN MERIDA FIMER2,"MERIDA, YUC",05/01/2026,08/01/2026,07/01/2026,TRES GUERRAS,GLZ02762942,445,4,07 EMBARQUE ENTREGADO
C04479,232839,FIESTA INN CUERNAVACA (FICUE),"CUERNAVACA, MOR",05/01/2026,08/01/2026,06/01/2026,TRES GUERRAS,GLZ02762939,400.02,3,07 EMBARQUE ENTREGADO
C05485,232840,FIESTA INN AEROPUERTO FIAPT,"MEXICO, DF",05/01/2026,07/01/2026,06/01/2026,TRES GUERRAS,GLZ02763023,400,2,07 EMBARQUE ENTREGADO
C01553,232841,FIESTA INN PERINORTE (FIPER),"TULTITLAN, MEX",05/01/2026,07/01/2026,,EXXPREZO,0-1750169,40,1,Sin comentarios
C05936,232842,FIESTA INN PUERTO VALLARTA LA ISLA (FIPVT),"PUERTO VALLARTA, JAL",05/01/2026,07/01/2026,06/01/2026,TRES GUERRAS,GLZ02762935,400,4,07 EMBARQUE ENTREGADO
C05498,232843,FIESTA AMERICANA EXPLOREAN KOHUNLICH (EXKO),"CHETUMAL, QR",06/01/2026,13/01/2026,,FLETES DE REGRESO,120147G,2900,18,Sin comentarios
C01555,232844,FIESTA INN TOLUCA TOLLOCAN (FITOL),"TOLUCA, MEX",08/01/2026,12/01/2026,09/01/2026,TRES GUERRAS,GLZ02767054,1088.71,3,01 RECIBIDO EN BODEGA EMBARQUES
C08358,232847,HILTON VALLARTA RIVIERA ALL INCLUSIVE (PVRPA),"PUERTO VALLARTA, JAL",06/01/2026,08/01/2026,07/01/2026,TRES GUERRAS,GLZ02764791,3749.6,80,07 EMBARQUE ENTREGADO
C03820,232848,HOTEL MINA REAL,"MATEHUALA, SLP",06/01/2026,09/01/2026,07/01/2026,TRES GUERRAS,GLZ02764933,300,5,07 EMBARQUE ENTREGADO
C03977,232850,HOLIDAY INN EXPRESS CABO SAN LUCAS (SJDL),"CABO SAN LUCAS, BCS",06/01/2026,13/01/2026,10/01/2026,TRES GUERRAS,GLZ02764796,1037.61,9,13 BODEGA DE REEMBARQUES
C08479,232855,AVID TIJUANA OTAY(TIJAV),"TIJUANA, BC",06/01/2026,13/01/2026,10/01/2026,TRES GUERRAS,GLZ02764799,1068,12,03 TRANSITO ENTRE SUCURSALES
C08350,232856,GARDEN INN PUEBLA (PBCGI),"SAN ANDRES, PUE",06/01/2026,08/01/2026,,EXXPREZO,0-1750885,480,12,Desembarcada
C07188,232857,CITY EXPRESS LEON (CELEO),"LEON, GTO",06/01/2026,08/01/2026,07/01/2026,TRES GUERRAS,GLZ02764806,400,1,07 EMBARQUE ENTREGADO
C01474,232858,COURTYARD MEXICO CITY REVOLUCION,"CDMX, CMX",06/01/2026,08/01/2026,,EXXPREZO,0-1750888,840,21,Desembarcada
C09095,232859,CASA HAUS HOTEL,"PUEBLA, PUE",06/01/2026,08/01/2026,,EXXPREZO,0-1750893,80,2,Desembarcada
C06215,232860,HOTEL VICTORIA INN,"CD. VICTORIA TAMAULIPAS, TAM",06/01/2026,09/01/2026,,CASTORES,14270169735,1250,15,Sin Informacion
C07962,232861,COMFORT INN DELICIAS (143196),"DELICIAS, CHI",06/01/2026,09/01/2026,08/01/2026,TRES GUERRAS,GLZ02764808,445,18,07 EMBARQUE ENTREGADO
C07226,232862,CITY JUNIOR TUXTLA GUTIERREZ POLIFORUM (CJTGZ),"TUXTLA GUTIERREZ, CHS",06/01/2026,09/01/2026,00/01/1900,TRES GUERRAS,GLZ02764813,890,10,03 TRANSITO ENTRE SUCURSALES
C07739,232863,HOTEL RIAZOR,"CIUDAD DE MEXICO, CMX",06/01/2026,08/01/2026,,EXXPREZO,0-1750894,1120,28,En ruta EAD
C09341,232864,FIESTA AMERICANA HACIENDA IXTAPAN DE LA SAL (FAHI),"IXTAPAN DE LA SAL, MEX",06/01/2026,09/01/2026,00/01/1900,TRES GUERRAS,GLZ02764779,240,4,05 RECIBIDO EN BODEGA DE REPARTO
C09341,232865,FIESTA AMERICANA HACIENDA IXTAPAN DE LA SAL (FAHI),"IXTAPAN DE LA SAL, MEX",06/01/2026,09/01/2026,00/01/1900,TRES GUERRAS,GLZ02764779,60,1,05 RECIBIDO EN BODEGA DE REPARTO
C07229,232866,CITY EXPRESS QUERETARO JURICA (CEQRJ),"QUERETARO, QUE",06/01/2026,08/01/2026,07/01/2026,TRES GUERRAS,GLZ02764770,60,1,07 EMBARQUE ENTREGADO
C07229,232867,CITY EXPRESS QUERETARO JURICA (CEQRJ),"QUERETARO, QUE",06/01/2026,08/01/2026,07/01/2026,TRES GUERRAS,GLZ02764770,1240,21,07 EMBARQUE ENTREGADO
C08936,232868,CITY EXPRESS BY MARRIOTT TULA (CETUL),"ATITALAQUIA, HID",06/01/2026,09/01/2026,07/01/2026,TRES GUERRAS,GLZ02764824,60,1,07 EMBARQUE ENTREGADO
C08936,232869,CITY EXPRESS BY MARRIOTT TULA (CETUL),"ATITALAQUIA, HID",06/01/2026,09/01/2026,07/01/2026,TRES GUERRAS,GLZ02764824,720,11,07 EMBARQUE ENTREGADO
C01915,232870,COURTYARD TUXPAN,"TUXPAN, VER",06/01/2026,09/01/2026,08/01/2026,TRES GUERRAS,GLZ02764822,979,11,06 DESPACHADO PARA ENTREGA DOMICI
C02635,232871,CITY EXPRESS CIUDAD DEL CARMEN (CECME ),"DEL CARMEN, CAM",06/01/2026,13/01/2026,09/01/2026,TRES GUERRAS,GLZ02764819,890,10,03 TRANSITO ENTRE SUCURSALES
C08341,232873,DOUBLETREE SANTA FE (MEXST),", CMX",06/01/2026,08/01/2026,,EXXPREZO,0-1750899,600,15,Desembarcada
C07000,232874,HOTEL QUEBEC,"GUADALAJARA, JAL",06/01/2026,08/01/2026,06/01/2026,LOCAL,NA,0,2,Sin Informacion
C08341,232875,DOUBLETREE SANTA FE (MEXST),", CMX",06/01/2026,08/01/2026,,EXXPREZO,0-1750899,1160,14,Desembarcada
C00023,232876,HOTEL WESTIN GUADALAJARA A0096864,"GUADALAJARA, JAL",06/01/2026,08/01/2026,06/01/2026,LOCAL,NA,0,3,Sin Informacion
C04454,232877,HOTEL FONTAN REFORMA,"CUAUHTEMOC, CMX",06/01/2026,08/01/2026,,EXXPREZO,0-1750901,1200,30,Desembarcada
C01783,232878,MG COMERCIALIZADORA,"MAZATLAN, SIN",06/01/2026,09/01/2026,06/01/2026,TRES GUERRAS,GLZ02762971,3749.6,76,07 EMBARQUE ENTREGADO
CG0024,232879,FARMASES,"MONTERREY, NL",06/01/2026,08/01/2026,08/01/2026,EXXPREZO,0-1750904,1000,25,Sin Informacion
C08701,232880,PUNTO LOFTS,"COYOACAN, CMX",06/01/2026,08/01/2026,08/01/2026,EXXPREZO,0-1750906,80,2,Entregada
C03232,232881,CABO VISTA HOTEL,"CABO SAN LUCAS, BCS",06/01/2026,13/01/2026,10/01/2026,TRES GUERRAS,GLZ02764883,523.89,3,13 BODEGA DE REEMBARQUES
C03473,232882,HOTEL IMPERIAL SAN MARTIN TEXMELUCAN,"SAN MARTIN TEXMELUCAN, PUE",06/01/2026,09/01/2026,08/01/2026,TRES GUERRAS,GLZ02764889,400.02,3,06 DESPACHADO PARA ENTREGA DOMICI
C01482,232883,HOTEL VICTORIA OAX,"OAXACA DE JUAREZ, OAX",06/01/2026,09/01/2026,08/01/2026,TRES GUERRAS,GLZ02764917,2314,26,06 DESPACHADO PARA ENTREGA DOMICI
C02002,232885,HOTEL LUCERNA HERMOSILLO,"HERMOSILLO, SON",06/01/2026,09/01/2026,,TINY PACK,GDL 45266,887.88,16,Sin Informacion
C08488,232886,HAMPTON INN LOS CABOS (SJDMX),"LOS CABOS, BCS",06/01/2026,13/01/2026,10/01/2026,TRES GUERRAS,GLZ02764992,3458.7,30,13 BODEGA DE REEMBARQUES
C01586,232887,FIESTA INN VERACRUZ MALECON (FIVZM),"VERACRUZ, VER",06/01/2026,09/01/2026,10/01/2026,TRES GUERRAS,GLZ02766902,445,3,03 TRANSITO ENTRE SUCURSALES
C07255,232888,CITY PLUS MUNDO E (CPSTM),"TLANEPANTLA, CMX",06/01/2026,08/01/2026,,EXXPREZO,0-1750919,480,12,En ruta EAD
C07554,232889,CITY EXPRESS GUAYMAS (CEGYM),"GUAYMAS, SON",06/01/2026,09/01/2026,,TINY PACK,GDL 45268,453.94,8,Sin Informacion
C07191,232891,CITY EXPRESS REYNOSA AEROPUERTO (CEREA),"REYNOSA, TAM",06/01/2026,09/01/2026,,CASTORES,14270169730,1250,15,Sin Informacion
C07189,232892,CITY EXPRESS MANZANILLO (CEZLO),"Manzanillo, COL",06/01/2026,08/01/2026,07/01/2026,TRES GUERRAS,GLZ02764966,1080,18,07 EMBARQUE ENTREGADO
C02482,232893,PACIFICA RESORTS IXTAPA,"IXTAPA ZIHUATANEJO, GRO",06/01/2026,09/01/2026,08/01/2026,TRES GUERRAS,GLZ02764996,6056.56,107,06 DESPACHADO PARA ENTREGA DOMICI
C00112,232894,HOLIDAY INN EXPRESS MORELIA (MLMRA) A0200840,"MORELIA, MCH",06/01/2026,09/01/2026,08/01/2026,TRES GUERRAS,GLZ02766863,1200,20,06 DESPACHADO PARA ENTREGA DOMICI
C07609,232895,CITY EXPRESS CHETUMAL (CECTM),"CHETUMAL, QR",06/01/2026,13/01/2026,,CASTORES,14270169731,1149,13,Sin Informacion
C07164,232896,CITY JUNIOR VILLAHERMOSA (CJVSA),"VILLAHERMOSA, TAB",06/01/2026,09/01/2026,08/01/2026,TRES GUERRAS,GLZ02765010,1335,15,06 DESPACHADO PARA ENTREGA DOMICI
C05434,232897,HOTEL MISION EXPRESS DURANGO,"DURANGO, DUR",06/01/2026,09/01/2026,,TINY PACK,DG 236379,453.94,8,Sin Informacion
C08500,232898,HAMPTON INN PIEDRAS NEGRAS,"PIEDRAS NEGRAS, COA",06/01/2026,09/01/2026,09/01/2026,TRES GUERRAS,GLZ02766873,801,9,13 BODEGA DE REEMBARQUES
C07174,232899,CITY EXPRESS VILLAHERMOSA (CEVSA),"VILLAHERMOSA, TAB",06/01/2026,09/01/2026,08/01/2026,TRES GUERRAS,GLZ02764876,979,11,06 DESPACHADO PARA ENTREGA DOMICI
C07257,232900,CITY CENTRO CIUDAD DE MEXICO (CCMEX),"CIUDAD DE MEXICO, CMX",06/01/2026,08/01/2026,,EXXPREZO,0-1750928,400,10,Desembarcada
C07307,232901,CITY EXPRESS SALTILLO NORTE (CESAL),"SALTILLO, COA",06/01/2026,09/01/2026,,TINY PACK,GD 3460961,1321.83,24,Sin Informacion
C07418,232902,CITY EXPRESS PLUS INTERLOMAS (CPINT),"HUIXQUILUCAN, CMX",06/01/2026,08/01/2026,,EXXPREZO,0-1751047,908,12,Desembarcada
C01615,232903,CASA GRANDE DELICIAS(CUUDE),"CIUDAD DELICIAS, CHI",06/01/2026,09/01/2026,09/01/2026,TRES GUERRAS,GLZ02766866,445,5,03 TRANSITO ENTRE SUCURSALES
C07450,232904,CITY EXPRESS LA VILLA (CEVIL),"CIUDAD DE MEXICO, CMX",06/01/2026,08/01/2026,,EXXPREZO,0-1750948,680,17,Desembarcada
C07216,232905,CITY SUITES QUERETARO (CSQRO),"QUERETARO, QUE",06/01/2026,08/01/2026,07/01/2026,TRES GUERRAS,GLZ02764875,900,15,07 EMBARQUE ENTREGADO
C07574,232906,CITY EXPRESS CELAYA (CECEL),"CELAYA, GTO",06/01/2026,08/01/2026,07/01/2026,TRES GUERRAS,GLZ02764869,840,14,07 EMBARQUE ENTREGADO
C07159,232907,CITY EXPRESS TEPIC (CETPQ),"TEPIC, NAY",06/01/2026,08/01/2026,,TINY PACK,GDL 45273,1430.31,26,Sin Informacion
C04178,232909,CITY EXPRESS APIZACO (CETXA),"APIZACO, TLA",06/01/2026,13/01/2026,09/01/2026,TRES GUERRAS,GLZ02764864,840,14,04 ARRIBO DE VIAJE
C08766,232910,HILTON MONTERREY (MTYVO),"MONTERREY, NL",06/01/2026,08/01/2026,08/01/2026,EXXPREZO,0-1750951,680,17,Sin Informacion
C07208,232911,CITY JUNIOR SAN LUIS ZONA INDUSTRIAL (CJSLI),"SAN LUIS POTOSI, SLP",06/01/2026,08/01/2026,08/01/2026,EXXPREZO,0-1750966,400,10,Sin Informacion
C05221,232912,RAMADA BY WIDHAM PERINORTE,"TLALNEPANTLA DE BAZ, CMX",06/01/2026,08/01/2026,08/01/2026,EXXPREZO,0-1750968,520,13,Sin Informacion
C07247,232913,CITY EXPRESS PIEDRAS NEGRAS (CEPDS),"PIEDRAS NEGRAS, COA",06/01/2026,09/01/2026,08/01/2026,TRES GUERRAS,GLZ02764857,2047,23,06 DESPACHADO PARA ENTREGA DOMICI
C01721,232914,CITY EXPRESS TAMPICO (CETAM),"TAMPICO, TAM",06/01/2026,08/01/2026,08/01/2026,TRES GUERRAS,GLZ02764850,960,16,07 EMBARQUE ENTREGADO
C07212,232915,CITY PLUS PERIFERICO SUR TLALPAN (CPPST),"TLALPAN, DF2",06/01/2026,08/01/2026,08/01/2026,EXXPREZO,0-1750970,800,20,Entregada
C08067,232916,CITY EXPRESS DE LAGOS DE MORENO (CELDM),"LAGOS DE MORENO, JAL",06/01/2026,08/01/2026,07/01/2026,TRES GUERRAS,GLZ02764841,600,10,07 EMBARQUE ENTREGADO
C04242,232917,HAMPTON INN SILAO AEROPUERTO,"SILAO, GTO",08/01/2026,12/01/2026,00/01/1900,TRES GUERRAS,GLZ02768904,420,7,05 RECIBIDO EN BODEGA DE REPARTO
C08505,232918,GARDEN INN TUXTLA (TGZGI),"TUXTLA GUTIERREZ, CHS",06/01/2026,09/01/2026,08/01/2026,TRES GUERRAS,GLZ02764832,2225,25,06 DESPACHADO PARA ENTREGA DOMICI
C07058,232919,FAIRFIELD INN AND SUITES SILAO,"SILAO, GTO",06/01/2026,08/01/2026,08/01/2026,TRES GUERRAS,GLZ02766870,720,12,06 DESPACHADO PARA ENTREGA DOMICI
C07575,232920,CITY EXPRESS PLUS PATIO UNIVERSITARIO (CEPUN),"BENITO JUAREZ, CMX",06/01/2026,08/01/2026,,EXXPREZO,0-1750954,1000,25,Desembarcada
C07411,232921,CITY EXPRESS PLUS MERIDA (CPMID),"MERIDA, YUC",06/01/2026,09/01/2026,09/01/2026,TRES GUERRAS,GLZ02764828,1691,19,03 TRANSITO ENTRE SUCURSALES
C08865,232922,JAVA MOTEL BOUTIQUE,"GUADALAJARA, JAL",06/01/2026,08/01/2026,06/01/2026,LOCAL,NA,0,24,Sin Informacion
C07351,232923,CITY EXPRESS SALTILLO SUR (CESLW),"SALTILLO, COA",06/01/2026,09/01/2026,,TINY PACK,GD 3460964,1159.09,21,Sin Informacion
C03092,232924,HOTEL LUCERNA MEXICALI,"MEXICALI, BC",06/01/2026,13/01/2026,00/01/1900,TRES GUERRAS,GLZ02766872,2759,31,01 RECIBIDO EN BODEGA EMBARQUES
C08792,232925,HOTEL AVID GUADALAJARA (GDLAV),"ZAPOPAN, JAL",06/01/2026,08/01/2026,06/01/2026,LOCAL,NA,0,7,Sin Informacion
C08019,232926,HOTEL VIVE PLACE,"AGUASCALIENTES, AGS",06/01/2026,08/01/2026,07/01/2026,TRES GUERRAS,GLZ02764866,400,2,07 EMBARQUE ENTREGADO
C07589,232927,CITY EXPRESS CENTRAL DE ABASTOS (CECEA),"CIUDAD DE MEXICO, CMX",06/01/2026,08/01/2026,,EXXPREZO,0-1750957,560,14,Desembarcada
C07196,232928,CITY JUNIOR CIUDAD DEL CARMEN AEROPUERTO (CJCMI),"CIUDAD DEL CARMEN, CAM",06/01/2026,09/01/2026,09/01/2026,TRES GUERRAS,GLZ02764763,979,11,03 TRANSITO ENTRE SUCURSALES
C01016,232929,HOLIDAY INN VERACRUZ (VCRMX),"BOCA DEL RIO, VER",06/01/2026,09/01/2026,09/01/2026,TRES GUERRAS,GLZ02766862,1068,12,03 TRANSITO ENTRE SUCURSALES
C07217,232930,CITY JUNIOR AEROPUERTO (CJTLC),"TOLUCA, MEX",06/01/2026,08/01/2026,08/01/2026,TRES GUERRAS,GLZ02766876,600,10,05 RECIBIDO EN BODEGA DE REPARTO
C08182,232931,HAMPTON INN NUEVO VALLARTA (PVRNV),"NUEVO VALLARTA, NAY",06/01/2026,08/01/2026,09/01/2026,TRES GUERRAS,GLZ02766888,400,4,01 RECIBIDO EN BODEGA EMBARQUES
C08128,232932,HOLIDAY INN EXPRESS MONTERREY FUNDIDORA (MTYFU),"MONTERREY, NL",06/01/2026,08/01/2026,08/01/2026,EXXPREZO,0-1750971,400,10,Sin Informacion
C07242,232933,CITY EXPRESS SALAMANCA (CESLM),"SALAMANCA, GTO",06/01/2026,08/01/2026,07/01/2026,TRES GUERRAS,GLZ02764755,720,12,07 EMBARQUE ENTREGADO
C09248,232934,HOTEL HOSTAL DE CORTES,"VERACRUZ, VER",06/01/2026,09/01/2026,09/01/2026,TRES GUERRAS,GLZ02766821,890,10,03 TRANSITO ENTRE SUCURSALES
C07183,232935,CITY EXPRESS COMITAN (CECJT),"COMITÁN DE DOMÍNGUEZ, CHS",06/01/2026,13/01/2026,00/01/1900,TRES GUERRAS,GLZ02764752,890,10,13 BODEGA DE REEMBARQUES
C08267,232936,MICROTEL GUADALAJARA SUR,"TLAJOMULCO DE ZUÑIGA, JAL",06/01/2026,08/01/2026,06/01/2026,LOCAL,NA,0,5,Sin Informacion
C08582,232937,VOCO SALTILLO (SLWVC,"SALTILLO, COA",06/01/2026,09/01/2026,,TINY PACK,GD 3460966,453.94,8,Sin Informacion
C07249,232938,CITY JUNIOR AGUASCALIENTES CENTRO (CJAGU),"AGUASCALIENTES, AGS",06/01/2026,08/01/2026,07/01/2026,TRES GUERRAS,GLZ02764748,360,7,07 EMBARQUE ENTREGADO
C08139,232939,CITY EXPRESS XALAPA (CEJAL),"XALAPA, VER",06/01/2026,09/01/2026,07/01/2026,TRES GUERRAS,GLZ02764744,1068,12,07 EMBARQUE ENTREGADO
C08140,232940,CITY EXPRESS MAZATLAN (CEMZT),"MAZATLAN, SIN",06/01/2026,09/01/2026,07/01/2026,TRES GUERRAS,GLZ02764739,660,11,07 EMBARQUE ENTREGADO
C08453,232941,GARDEN INN AGUASCALIENTES (AGUGI),"AGUASCALIENTES, AGS",06/01/2026,08/01/2026,08/01/2026,TRES GUERRAS,GLZ02766864,720,12,06 DESPACHADO PARA ENTREGA DOMICI
C07627,232942,CITY EXPRESS PLUS SAN LUIS POTOSI (CPSLP),"SAN LUIS POTOSI, SLP",06/01/2026,08/01/2026,08/01/2026,EXXPREZO,0-1750998,560,14,Sin Informacion
C07171,232943,CITY EXPRESS SALINA CRUZ (CESCX),"SALINA CRUZ, OAX",06/01/2026,09/01/2026,08/01/2026,TRES GUERRAS,GLZ02764734,1068,12,07 EMBARQUE ENTREGADO
C08357,232944,HILTON MIDTOWN GDL (GDLGM),"GUADALAJARA, JAL",06/01/2026,08/01/2026,,LOCAL,NA,0,12,Sin Informacion
C09268,232945,HAMPTON INN QUERETARO JURIQUILLA,"QUERETARO, QUE",06/01/2026,08/01/2026,08/01/2026,TRES GUERRAS,GLZ02766904,400,4,06 DESPACHADO PARA ENTREGA DOMICI
C07198,232946,CITY EXPRESS PARAISO (CEPAT),"PARAISO, TAB",06/01/2026,09/01/2026,10/01/2026,TRES GUERRAS,GLZ02764783,890,10,05 RECIBIDO EN BODEGA DE REPARTO
C09369,232947,HOTEL SERENZZO,"ZAPOPAN, JAL",06/01/2026,08/01/2026,06/01/2026,LOCAL,NA,0,3,Sin Informacion
C05438,232948,ECO HOTEL EJECUTIVO,"GUADALAJARA, JAL",07/01/2026,09/01/2026,07/01/2026,LOCAL,NA,0,16,Sin Informacion
C06223,232949,HAMPTON INN CELAYA (CYWCM),"CELAYA, GTO",07/01/2026,09/01/2026,08/01/2026,TRES GUERRAS,GLZ02766827,400,4,06 DESPACHADO PARA ENTREGA DOMICI
C08433,232950,ENCORE AEROPUERTO GUADALAJARA,"EL SALTO, JAL",07/01/2026,09/01/2026,07/01/2026,LOCAL,NA,0,15,Sin Informacion
C02299,232951,EJECUTIVO EXPRESS,"GUADALAJARA, JAL",07/01/2026,09/01/2026,07/01/2026,LOCAL,NA,0,3,Sin Informacion
C05918,232952,ONE GUADALAJARA EXPO (1GDEX),"GUADALAJARA, JAL",07/01/2026,09/01/2026,07/01/2026,LOCAL,NA,0,2,Sin Informacion
C07156,232953,CITY EXPRESS OAXACA (CEOAX),"OAXACA DE JUAREZ, OAX",07/01/2026,12/01/2026,08/01/2026,TRES GUERRAS,GLZ02766825,1780,20,03 TRANSITO ENTRE SUCURSALES
C08680,232954,DOUBLETREE QUERETARO (QRODT),"QUERETARO, QUE",07/01/2026,09/01/2026,09/01/2026,EXXPREZO,0-1751847,480,12,Entregada
C03367,232955,HOTEL HACIENDA REAL DE CASTILLA,"GUADALAJARA, JAL",07/01/2026,09/01/2026,07/01/2026,LOCAL,NA,0,13,Sin Informacion
C02470,232956,ROYAL AUTO HOTEL,"MINATITLAN, VER",07/01/2026,12/01/2026,09/01/2026,TRES GUERRAS,GLZ02766794,801,9,13 BODEGA DE REEMBARQUES
C08834,232957,HOTEL WINDAY,"VERACRUZ, VER",07/01/2026,12/01/2026,09/01/2026,TRES GUERRAS,GLZ02766788,534,6,03 TRANSITO ENTRE SUCURSALES
C00454,232958,HOTEL MONTECARLO,"TAMPICO, TAM",07/01/2026,09/01/2026,07/01/2026,SOLO FACTURA,NA,0,1,Sin Informacion
C07427,232959,INSUMOS DEL NORTE,"CD JUAREZ, CHI",07/01/2026,12/01/2026,07/01/2026,SOLO FACTURA,NA,0,1,Sin Informacion
C09526,232960,HOTEL ZAPOTLAN,"ZAPOTLAN EL GRANDE, JAL",07/01/2026,12/01/2026,08/01/2026,TRES GUERRAS,GLZ02766784,300,5,06 DESPACHADO PARA ENTREGA DOMICI
C08062,232961,AUTO HOTEL NOCHE BUENA,"GUANAJUATO, GTO",07/01/2026,09/01/2026,08/01/2026,TRES GUERRAS,GLZ02766779,400,4,07 EMBARQUE ENTREGADO
C08323,232962,HOLIDAY INN EXPRESS SAN LUIS POTOSI A0201813 (SLPMV),"SAN LUIS POTOSI, SLP",07/01/2026,09/01/2026,08/01/2026,TRES GUERRAS,GLZ02766829,400,2,07 EMBARQUE ENTREGADO
C06557,232963,COURTYARD MARRIOTT MEXICO CITY VALLEJO A0097805,"CDMX, CMX",07/01/2026,09/01/2026,08/01/2026,TRES GUERRAS,GLZ02766832,1380,11,06 DESPACHADO PARA ENTREGA DOMICI
C05176,232964,HOLIDAY INN & SUITES LEON (BJXPM),"LEON, GTO",07/01/2026,09/01/2026,08/01/2026,TRES GUERRAS,GLZ02766839,480,8,06 DESPACHADO PARA ENTREGA DOMICI
C07252,232965,CITY EXPRESS CIUDAD DE MEXICO ALAMEDA (CEALM),"CUAUHTEMOC, CMX",07/01/2026,09/01/2026,08/01/2026,TRES GUERRAS,GLZ02766835,1140,19,06 DESPACHADO PARA ENTREGA DOMICI
C07200,232967,CITY EXPRESS TEHUACAN (CETCN),"TEHUACAN, PUE",07/01/2026,12/01/2026,08/01/2026,TRES GUERRAS,GLZ02766853,1335,15,06 DESPACHADO PARA ENTREGA DOMICI
C03131,232968,RESIDENCIAL MATAMOROS,"MATAMOROS, TAM",07/01/2026,12/01/2026,,CASTORES,14270169830,2435,30,Sin Informacion
C07256,232971,CITY EXPRESS LA RAZA (CELRZ),"CIUDAD DE MEXICO, CMX",07/01/2026,09/01/2026,00/01/1900,EXXPREZO,0-1751855,720,18,Llego a Sucursal
C07260,232973,CITY EXPRESS TIJUANA OTAY (CETIO),"TIJUANA, BC",07/01/2026,14/01/2026,10/01/2026,TRES GUERRAS,GLZ02766852,1602,18,03 TRANSITO ENTRE SUCURSALES
C06557,232974,COURTYARD MARRIOTT MEXICO CITY VALLEJO A0097805,"CDMX, CMX",07/01/2026,09/01/2026,08/01/2026,TRES GUERRAS,GLZ02766832,858,12,06 DESPACHADO PARA ENTREGA DOMICI
C08275,232975,HILTON MEXICO CITY REFORMA (MEXRF),"DELEGACION CUAUHTEMOC, CMX",07/01/2026,09/01/2026,00/01/1900,EXXPREZO,0-1752343,1440,36,Llego a Sucursal
C01687,232976,PARADISE REAL DE GUADALAJARA,"TLAQUEPAQUE, JAL",07/01/2026,09/01/2026,07/01/2026,LOCAL,NA,0,9,Sin Informacion
C07253,232977,CITY EXPRESS ROSARITO (CEROS),"PLAYAS DE ROSARITO, BC",07/01/2026,14/01/2026,00/01/1900,TRES GUERRAS,GLZ02766851,979,11,03 TRANSITO ENTRE SUCURSALES
C07423,232978,CITY EXPRESS TAPACHULA (CETAP),"TAPACHULA, CHS",07/01/2026,14/01/2026,09/01/2026,TRES GUERRAS,GLZ02766849,1068,12,13 BODEGA DE REEMBARQUES
C07181,232979,CITY EXPRESS PLUS MONTERREY GALERIAS  (CPMSJ),"MONTERREY, NL",07/01/2026,09/01/2026,00/01/1900,EXXPREZO,0-1751854,520,13,Desembarcada
C02270,232980,DOUBLETREE BY HILTON VERACRUZ (VERMA),"VERACRUZ, VER",07/01/2026,12/01/2026,09/01/2026,TRES GUERRAS,GLZ02766847,890,10,03 TRANSITO ENTRE SUCURSALES
C07281,232981,CITY EXPRESS LAZARO CARDENAS (CELZC),"LAZARO CARDENAS, MCH",07/01/2026,12/01/2026,08/01/2026,TRES GUERRAS,GLZ02766843,1068,12,06 DESPACHADO PARA ENTREGA DOMICI
C06116,232982,ONE GUADALAJARA CENTRO HISTORICO,"GUADALAJARA, JAL",07/01/2026,09/01/2026,07/01/2026,LOCAL,NA,0,290,Sin Informacion
C08883,232983,VOCO PUEBLA (PBCPL),"PUEBLA, PUE",07/01/2026,09/01/2026,00/01/1900,EXXPREZO,0-1751852,280,7,Llego a Sucursal
C06605,232984,FAIRFIELD MARRIOT NOGALES A0097801,"NOGALES, SON",07/01/2026,12/01/2026,00/01/1900,TRES GUERRAS,GLZ02766854,623,7,01 RECIBIDO EN BODEGA EMBARQUES
C01365,232986,HOTEL MORALES,"GUADALAJARA, JAL",07/01/2026,09/01/2026,07/01/2026,LOCAL,NA,0,28,Sin Informacion
C01365,232988,HOTEL MORALES,"GUADALAJARA, JAL",07/01/2026,09/01/2026,07/01/2026,LOCAL,NA,0,3,Sin Informacion
C04810,232989,BARCELO IXTAPA BEACH RESORT,"IXTAPA ZIHUATANEJO, GRO",07/01/2026,12/01/2026,07/01/2026,SOLO FACTURA,NA,NA,97,0
C07905,232990,HOTEL MARIA ISABEL,"COLIMA, COL",07/01/2026,09/01/2026,09/01/2026,TRES GUERRAS,GLZ02767072,600,20,01 RECIBIDO EN BODEGA EMBARQUES
C03856,232991,BEST WESTERN RIVIERA VERACRUZ,"ALVARADO, VER",07/01/2026,12/01/2026,09/01/2026,TRES GUERRAS,GLZ02766806,2581,29,03 TRANSITO ENTRE SUCURSALES
C08538,232992,HAMPTON INN AGUASCALIENTES (AGUHX),"AGUASCALIENTES, AGS",07/01/2026,09/01/2026,08/01/2026,TRES GUERRAS,GLZ02766855,660,11,06 DESPACHADO PARA ENTREGA DOMICI
C07529,232993,HOTEL CASA MONARCA,"PUEBLA, PUE",07/01/2026,09/01/2026,00/01/1900,EXXPREZO,0-1751851,160,4,Llego a Sucursal
C08905,232994,AÑORANZA HOTEL BOUTIQUE,"CIUDAD HIDALGO, MCH",07/01/2026,12/01/2026,00/01/1900,TRES GUERRAS,GLZ02766809,400,2,05 RECIBIDO EN BODEGA DE REPARTO
C07337,232995,HOTEL EXTENDED SUITES COATZACOALCOS FORUM,"COATZACOALCOS, VER",07/01/2026,12/01/2026,08/01/2026,TRES GUERRAS,GLZ02766860,445,5,05 RECIBIDO EN BODEGA DE REPARTO
C07334,232996,EXTENDED SUITES CIUDAD DEL CARMEN AEROPUERTO,"DEL CARMEN, CAM",07/01/2026,14/01/2026,10/01/2026,TRES GUERRAS,GLZ02766858,445,4,13 BODEGA DE REEMBARQUES
C07336,232997,HOTEL EXTENDED SUITES MEXICALI CATAVIÑA,"MEXICALI, BC",07/01/2026,14/01/2026,10/01/2026,TRES GUERRAS,GLZ02766857,712,8,03 TRANSITO ENTRE SUCURSALES
C07339,232998,HOTEL EXTENDED SUITES TIJUANA MACROPLAZA,"TIJUANA, BC",07/01/2026,14/01/2026,00/01/1900,TRES GUERRAS,GLZ02766856,623,7,03 TRANSITO ENTRE SUCURSALES
C07333,232999,HOTEL EXTENDED SUITES SALTILLO GALERIAS,"SALTILLO, COA",07/01/2026,12/01/2026,00/01/1900,TINY PACK,GD 3461086,562.43,10,Sin Informacion
C00454,233003,HOTEL MONTECARLO,"TAMPICO, TAM",07/01/2026,09/01/2026,09/01/2026,TRES GUERRAS,GLZ02766818,840,14,05 RECIBIDO EN BODEGA DE REPARTO
C03950,233005,HOTEL ALAMEDA CENTRO HISTORICO,"MORELIA, MCH",07/01/2026,12/01/2026,08/01/2026,TRES GUERRAS,GLZ02766814,2040,34,07 EMBARQUE ENTREGADO
C02052,233007,HOTEL SAN MARCOS,"SAN CRISTOBAL DE LAS CASAS, CHS",07/01/2026,14/01/2026,00/01/1900,TRES GUERRAS,GLZ02767078,623,7,01 RECIBIDO EN BODEGA EMBARQUES
C08373,233008,VILLAS DEL PALMAR LORETO,"LORETO, BCS",08/01/2026,15/01/2026,00/01/1900,TRES GUERRAS,GLZ02767067,1268.19,11,01 RECIBIDO EN BODEGA EMBARQUES
C07335,233011,HOTEL EXTENDED SUITES MONTERREY AEROPUERTO,"MONTERREY, NL",07/01/2026,09/01/2026,00/01/1900,EXXPREZO,0-1751858,320,8,Desembarcada
C07341,233012,EXTENDED SUITES CHIHUAHUA LA JUVENTUD,"CHIHUAHUA, CHI",07/01/2026,12/01/2026,09/01/2026,TRES GUERRAS,GLZ02766869,712,8,03 TRANSITO ENTRE SUCURSALES
CLIESP,233013,VENTAS DE MOSTRADOR,"GUADALAJARA, JAL",07/01/2026,09/01/2026,07/01/2026,SOLO FACTURA,NA,0,1,Sin Informacion
CLIESP,233014,VENTAS DE MOSTRADOR,"GUADALAJARA, JAL",07/01/2026,09/01/2026,07/01/2026,SOLO FACTURA,NA,0,2,Sin Informacion
C07342,233015,HOTEL EXTENDED SUITES QUERETARO,"JURIQUILLA, QUE",07/01/2026,09/01/2026,08/01/2026,TRES GUERRAS,GLZ02766867,360,6,06 DESPACHADO PARA ENTREGA DOMICI
CLIESP,233016,VENTAS DE MOSTRADOR,"GUADALAJARA, JAL",07/01/2026,09/01/2026,07/01/2026,SOLO FACTURA,NA,0,1,Sin Informacion
C03362,233017,EXTENDED SUITES MERIDA,"MERIDA, YUC",07/01/2026,12/01/2026,00/01/1900,TRES GUERRAS,GLZ02766865,623,7,03 TRANSITO ENTRE SUCURSALES
C00696,233018,MOTEL MARQUIS,"TLAJOMULCO DE ZUÑIGA, JAL",07/01/2026,09/01/2026,07/01/2026,LOCAL,NA,0,27,Sin Informacion
C04102,233019,VILLAS SOLARIS,"MPIO BENITO JUAREZ, QR",07/01/2026,14/01/2026,,VOLARIS,A02GDL29339925,2400,11,Sin Informacion
C04082,233021,RAMADA PLAZA VERACRUZ,"BOCA DEL RIO, VER",07/01/2026,12/01/2026,07/01/2026,SOLO FACTURA,NA,0,1,Sin Informacion
CLIESP,233022,VENTAS DE MOSTRADOR,"GUADALAJARA, JAL",07/01/2026,09/01/2026,07/01/2026,SOLO FACTURA,NA,0,1,Sin Informacion
CLIESP,233023,VENTAS DE MOSTRADOR,"GUADALAJARA, JAL",07/01/2026,09/01/2026,07/01/2026,SOLO FACTURA,NA,0,1,Sin Informacion
CLIESP,233025,VENTAS DE MOSTRADOR,"GUADALAJARA, JAL",07/01/2026,09/01/2026,07/01/2026,SOLO FACTURA,NA,0,3,Sin Informacion
CLIESP,233026,VENTAS DE MOSTRADOR,"GUADALAJARA, JAL",07/01/2026,09/01/2026,07/01/2026,SOLO FACTURA,NA,0,1,Sin Informacion
CLIESP,233027,VENTAS DE MOSTRADOR,"GUADALAJARA, JAL",07/01/2026,09/01/2026,07/01/2026,SOLO FACTURA,NA,0,1,Sin Informacion
CLIESP,233028,VENTAS DE MOSTRADOR,"GUADALAJARA, JAL",07/01/2026,09/01/2026,07/01/2026,SOLO FACTURA,NA,0,1,Sin Informacion
CLIESP,233029,VENTAS DE MOSTRADOR,"GUADALAJARA, JAL",07/01/2026,09/01/2026,07/01/2026,SOLO FACTURA,NA,0,1,Sin Informacion
CLIESP,233030,VENTAS DE MOSTRADOR,"GUADALAJARA, JAL",07/01/2026,09/01/2026,07/01/2026,SOLO FACTURA,NA,0,1,Sin Informacion
C08672,233031,HAMPTON INN PARAISO TABASCO,"PARAISO, TAB",07/01/2026,12/01/2026,00/01/1900,TRES GUERRAS,GLZ02766874,890,10,14 REEMBARCADO [N]
CLIESP,233032,VENTAS DE MOSTRADOR,"GUADALAJARA, JAL",07/01/2026,09/01/2026,07/01/2026,SOLO FACTURA,NA,0,1,Sin Informacion
C08164,233033,VILLAS DEL PALMAR FLAMINGOS,"NUEVO VALLARTA, NAY",07/01/2026,09/01/2026,,SANCHEZ,2841772,503.03,11,Sin Informacion
CLIESP,233034,VENTAS DE MOSTRADOR,"GUADALAJARA, JAL",07/01/2026,09/01/2026,07/01/2026,SOLO FACTURA,NA,0,1,Sin Informacion
C03447,233035,HAMPTON INN GUADALAJARA AEROPUERTO (GDLHA),"EL SALTO, JAL",07/01/2026,09/01/2026,07/01/2026,LOCAL,NA,0,16,Sin Informacion
C01510,233037,HOTEL LUCERNA CD JUAREZ,"CD.JUAREZ, CHI",07/01/2026,12/01/2026,09/01/2026,TRES GUERRAS,GLZ02766875,1335,15,03 TRANSITO ENTRE SUCURSALES
C05969,233038,DOUBLETREE GUADALAJARA CENTRO HISTORICO (GDLDT),"GUADALAJARA, JAL",07/01/2026,09/01/2026,07/01/2026,LOCAL,NA,0,20,Sin Informacion
C08637,233043,HOTEL LA ESTANCIA,"ZAPOPAN, JAL",07/01/2026,09/01/2026,07/01/2026,LOCAL,NA,0,5,Sin Informacion
C03079,233044,HOTEL EL PARAISO MINERAL DEL CHICO,"PACHUCA, HID",08/01/2026,13/01/2026,10/01/2026,TRES GUERRAS,GLZ02767124,1080,18,01 RECIBIDO EN BODEGA EMBARQUES
C09391,233046,LUA capsule rooms,"GUADALAJARA, JAL",07/01/2026,09/01/2026,07/01/2026,LOCAL,NA,0,3,Sin Informacion
C08325,233047,COURTYARD MARRIOTT MEXICALI,"MEXICALI, BC",07/01/2026,14/01/2026,00/01/1900,TRES GUERRAS,GLZ02766883,1246,14,01 RECIBIDO EN BODEGA EMBARQUES
C04758,233048,COURTYARD SALTILLO (SLWCS) A0100469,"SALTILLO, COA",07/01/2026,12/01/2026,,TINY PACK,GD 3461087,1213.34,22,Sin Informacion
C04260,233049,ENCORE SAN LUIS A0191479,"SAN LUIS POTOSI, SLP",07/01/2026,09/01/2026,09/01/2026,EXXPREZO,0-1752350,120,3,Entregada
C08330,233050,HAMPTON INN ZACATECAS,"ZACATECAS, ZAC",07/01/2026,12/01/2026,08/01/2026,TRES GUERRAS,GLZ02766881,720,12,06 DESPACHADO PARA ENTREGA DOMICI
C07087,233051,AZUL SIRENA,"SANTA CRUZ HUATULCO, OAX",07/01/2026,12/01/2026,00/01/1900,TRES GUERRAS,GLZ02766880,2670,30,02 DESPACHADO A SUCURSAL
C08383,233052,GARDEN INN CHIHUAHUA (CUUCM),"CHIHUAHUA, CHI",07/01/2026,12/01/2026,09/01/2026,TRES GUERRAS,GLZ02766877,979,11,03 TRANSITO ENTRE SUCURSALES
C08507,233053,HAMPTON INN BOCA DEL RIO,"BOCA DEL RIO, VER",07/01/2026,12/01/2026,09/01/2026,TRES GUERRAS,GLZ02766879,979,11,03 TRANSITO ENTRE SUCURSALES
C08730,233054,VOCO GUADALAJARA NERUDA (GDLVO),"GUADALAJARA, JAL",08/01/2026,12/01/2026,08/01/2026,LOCAL,NA,NA,5,Sin Informacion
C09621,233055,HOTEL PERLA ESCONDIDA,"TAMPICO, TAM",08/01/2026,12/01/2026,00/01/1900,TRES GUERRAS,GLZ02768775,400.02,3,Sin Informacion
C03910,233056,HOTEL VELAS LOS CABOS,"SAN JOSE DEL CABO, BCS",08/01/2026,15/01/2026,00/01/1900,TRES GUERRAS,GLZ02768799,523.89,3,Sin Informacion
C03115,233057,PRESIDENTE INTERCONTINENTAL GUADALAJARA,"ZAPOPAN, JAL",08/01/2026,12/01/2026,08/01/2026,LOCAL,NA,NA,20,Sin Informacion
C08194,233059,HOTEL PERLA ESCONDIDA,"TAMPICO, TAM",08/01/2026,12/01/2026,10/01/2026,TRES GUERRAS,GLZ02768747,400.02,3,Sin Informacion
C09558,233060,AUTOHOTEL REAL DEL MONTE,"CARDENAS, TAB",08/01/2026,13/01/2026,00/01/1900,TRES GUERRAS,GLZ02768735,890,10,Sin Informacion
C09039,233061,AUTO HOTEL INTIMISIMO,"VERACRUZ, VER",08/01/2026,13/01/2026,00/01/1900,TRES GUERRAS,GLZ02768721,890,10,Sin Informacion
C08700,233062,AUTOHOTEL VILLAVERDE,"VILLAHERMOSA CENTRO, TAB",08/01/2026,13/01/2026,10/01/2026,TRES GUERRAS,GLZ02768714,801,9,Sin Informacion
C00619,233063,CASA INN BUSINESS HOTEL CELAYA VELEROS,"CELAYA, GTO",08/01/2026,12/01/2026,09/01/2026,TRES GUERRAS,GLZ02768509,480,8,Sin Informacion
C03916,233064,HOTEL DOÑA CHELA,"CALVILLO, AGS",08/01/2026,12/01/2026,00/01/1900,TRES GUERRAS,GLZ02768699,420,7,Sin Informacion
C08387,233065,COURTYARD MAZATLAN A0157919,"MAZATLAN, SIN",08/01/2026,13/01/2026,,TINY PACK,GDL 45697,887.88,16,Sin Informacion
CLIESP,233066,VENTAS DE MOSTRADOR,"GUADALAJARA, JAL",08/01/2026,12/01/2026,08/01/2026,SOLO FACTURA,NA,NA,1,Sin Informacion
C08695,233067,HAMPTON INN CIUDAD DEL CARMEN (CMEMX),"CIUDAD DEL CARMEN, CAM",08/01/2026,13/01/2026,00/01/1900,TRES GUERRAS,GLZ02768528,712,8,Sin Informacion
C08794,233070,PARKLIFE PROPERTIES QUERETARO,"QUERETARO, QUE",08/01/2026,12/01/2026,,EXXPREZO,,,6,
C04861,233074,CORAL EJECUTIVO,"ZAPOPAN, JAL",08/01/2026,12/01/2026,08/01/2026,LOCAL,NA,NA,6,Sin Informacion
C03910,233076,HOTEL VELAS LOS CABOS,"SAN JOSE DEL CABO, BCS",08/01/2026,15/01/2026,00/01/1900,TRES GUERRAS,GLZ02768824,1729.35,15,Sin Informacion
C07991,233078,COURTYARD MARRIOTT MERIDA A0165799,"MERIDA, YUC",08/01/2026,13/01/2026,00/01/1900,TRES GUERRAS,GLZ02768470,2225,25,Sin Informacion
C08301,233079,CLICK EFFICIENCY COURTYARD PUEBLA LAS ANIMAS,"PUEBLA, PUE",08/01/2026,12/01/2026,00/01/1900,TRES GUERRAS,GLZ02768466,660,11,Sin Informacion
C07332,233080,EXTENDED SUITES CIUDAD JUAREZ CONSULADO,"CIUDAD JUAREZ, CHI",08/01/2026,13/01/2026,00/01/1900,TRES GUERRAS,GLZ02768453,801,9,Sin Informacion
C07202,233081,CITY JUNIOR PUEBLA ANGELOPOLIS (CJPAN ),"PUEBLA, PUE",08/01/2026,12/01/2026,00/01/1900,TRES GUERRAS,GLZ02768444,660,11,Sin Informacion
C07277,233083,CITY EXPRESS CANANEA (CECNA),"CANANEA, SON",08/01/2026,13/01/2026,,TINY PACK,GD 3461245,725.16,13,Sin Informacion
CF0044,233085,HAMPTON INN GUADALAJARA EXPO (GDLEX),"ZAPOPAN, JAL",08/01/2026,12/01/2026,08/01/2026, LOCAL,NA,NA,8,Sin Informacion
C08429,233087,CITY EXPRES PLUS MEXICALI (CPMXL),"MEXICALI, BC",08/01/2026,15/01/2026,00/01/1900,TRES GUERRAS,GLZ02768440,1157,13,Sin Informacion
C04248,233088,HOLIDAY INN EXPRESS GUADALAJARA AEROPUERTO (GDLOP),"EL SALTO, JAL",08/01/2026,12/01/2026,08/01/2026, LOCAL,NA,NA,10,Sin Informacion
C09455,233089,HOTEL CASA SANTA MARIA,"AMEALCO DE BONFIL, QUE",08/01/2026,13/01/2026,00/01/1900,TRES GUERRAS,GLZ02769079,360,6,Sin Informacion
C07175,233090,CITY EXPRESS AGUASCALIENTES SUR (CEAGU),"AGUASCALIENTES, AGS",08/01/2026,12/01/2026,09/01/2026,TRES GUERRAS,GLZ02768492,600,10,Sin Informacion
C08543,233091,HAMPTON INN SAN LUIS POTOSI,"SAN LUIS POTOSI, SLP",08/01/2026,12/01/2026,,EXXPREZO,,,16,
C07272,233092,CITY EXPRESS CULIACAN (CECUL),"CULIACAN, SIN",08/01/2026,13/01/2026,09/01/2026,TRES GUERRAS,GLZ02768486,720,12,Sin Informacion
C07427,233093,INSUMOS DEL NORTE,"CD JUAREZ, CHI",08/01/2026,13/01/2026,10/01/2026,TRES GUERRAS,GLZ02768850,12113.12,455,Sin Informacion
C02296,233094,CITY EXPRESS NOGALES (CENOG),"NOGALES, SON",08/01/2026,13/01/2026,00/01/1900,TRES GUERRAS,GLZ02768477,2581,29,Sin Informacion
C02016,233095,CITY EXPRESS ZACATECAS (CEZCL),"ZACATECAS, ZAC",08/01/2026,13/01/2026,09/01/2026,TRES GUERRAS,GLZ02768580,900,1,Sin Informacion
C02016,233096,CITY EXPRESS ZACATECAS (CEZCL),"ZACATECAS, ZAC",08/01/2026,13/01/2026,09/01/2026,TRES GUERRAS,GLZ02768580,60,14,07 EMBARQUE ENTREGADO
C07279,233097,CITY EXPRESS TUXTLA GUTIERREZ (CETGZ),"TUXTLA GUTIERREZ, CHS",08/01/2026,13/01/2026,10/01/2026,TRES GUERRAS,GLZ02768817,1602,18,Sin Informacion
C05623,233098,MEDANO HOTEL & SUITES,"CABO SAN LUCAS, BCS",08/01/2026,15/01/2026,00/01/1900,TRES GUERRAS,GLZ02768589,1268.19,11,Sin Informacion
C01123,233099,MOTEL BENIDORM,"GUADALAJARA, JAL",08/01/2026,12/01/2026,08/01/2026, LOCAL,NA,NA,8,Sin Informacion
C07320,233100,CITY EXPRESS TIJUANA INSURGENTES (CETII),"TIJUANA, BC",08/01/2026,15/01/2026,00/01/1900,TRES GUERRAS,GLZ02768807,890,10,Sin Informacion
C02635,233101,CITY EXPRESS CIUDAD DEL CARMEN (CECME ),"DEL CARMEN, CAM",08/01/2026,15/01/2026,08/01/2026,SOLO FACTURA,NA,NA,1,Sin Informacion
C02635,233102,CITY EXPRESS CIUDAD DEL CARMEN (CECME ),"DEL CARMEN, CAM",08/01/2026,15/01/2026,00/01/1900,TRES GUERRAS,GLZ02768766,445,5,Sin Informacion
C07203,233103,CITY EXPRESS HERMOSILLO (CEHMO),"HERMOSILLO, SON",08/01/2026,13/01/2026,,TINY PACK,GDL 45692,1321.83,24,Sin Informacion
C07214,233104,CITY EXPRESS CAMPECHE (CECPE),"SAN FRANCISCO DE CAMPECHE, CAM",08/01/2026,13/01/2026,00/01/1900,TRES GUERRAS,GLZ02768758,1513,17,Sin Informacion
C07232,233105,CITY EXPRESS IRAPUATO NORTE (CEIRN),"IRAPUATO, GTO",08/01/2026,12/01/2026,08/01/2026,SOLO FACTURA,NA,NA,1,Sin Informacion
C07232,233106,CITY EXPRESS IRAPUATO NORTE (CEIRN),"IRAPUATO, GTO",08/01/2026,12/01/2026,09/01/2026,TRES GUERRAS,GLZ02768749,400,4,Sin Informacion
C07401,233107,CITY EXPRESS ENSENADA (CEESE),"ENSENADA, BC",08/01/2026,15/01/2026,00/01/1900,TRES GUERRAS,GLZ02768599,801,9,Sin Informacion
C07810,233108,CITY CENTRO SAN LUIS POTOSI (CCSLP),"SAN LUIS POTOSI, SLP",08/01/2026,12/01/2026,09/01/2026,TRES GUERRAS,GLZ02768832,600,10,Sin Informacion
C07639,233109,CITY EXPRESS HERMOSILLO EXPO (CEHME),"HERMOSILLO, SON",08/01/2026,13/01/2026,,TINY PACK,GDL 45685,779.4,14,Sin Informacion
C07264,233110,CITY CENTRO OAXACA (CCOAX),"OAXACA, OAX",08/01/2026,13/01/2026,09/01/2026,TRES GUERRAS,GLZ02768578,1869,21,Sin Informacion
C04176,233111,CITY EXPRESS TIJUANA FLORIDO (CETIF),"TIJUANA, BC",08/01/2026,15/01/2026,00/01/1900,TRES GUERRAS,GLZ02768614,801,9,Sin Informacion
C03135,233112,COURTYARD BY MARRIOTT LEON AT THE POLIFORUM  A0101010,"LEON, GTO",08/01/2026,12/01/2026,,EXXPREZO,,,15,
C06344,233113,LAILA HOTELS,"CDMX, CMX",08/01/2026,12/01/2026,,EXXPREZO,,,45,
CF0007,233114,REAL INN PERINORTE,"TLALNEPANTLA, MEX",08/01/2026,12/01/2026,,EXXPREZO,,,13,
C01585,233115,FIESTA INN VERACRUZ BOCA DEL RIO (FIVZP),"BOCA DEL RIO, VER",08/01/2026,13/01/2026,10/01/2026,TRES GUERRAS,GLZ02768629,445,2,Sin Informacion
C01770,233116,CITY EXPRESS TEPOTZOTLAN (CETPO),"TEPOTZOTLAN, MEX",08/01/2026,12/01/2026,,EXXPREZO,,,10,
C04584,233117,WYNDHAM CHIHUAHUA/CASA GRANDE (CUUWY),"CHIHUAHUA, CHI",08/01/2026,13/01/2026,00/01/1900,TINY PACK,GLZ02770487,979,6,Sin Informacion
C04584,233118,WYNDHAM CHIHUAHUA/CASA GRANDE (CUUWY),"CHIHUAHUA, CHI",08/01/2026,13/01/2026,,TINY PACK,GLZ02770487,445,5,03 TRANSITO ENTRE SUCURSALES
C07317,233119,CITY EXPRESS LA PAZ (CELAP),"LA PAZ, BCS",08/01/2026,15/01/2026,00/01/1900,TRES GUERRAS,GLZ02768549,1729.35,15,Sin Informacion
C02307,233120,AUTO HOTEL LA ISLA,"TUXTLA GUTIERREZ, CHS",08/01/2026,13/01/2026,10/01/2026,TRES GUERRAS,GLZ02768544,1335,15,Sin Informacion
C04419,233121,AUTO HOTEL EL SUMIDERO,"TUXTLA GUTIERREZ, CHS",08/01/2026,13/01/2026,10/01/2026,TRES GUERRAS,GLZ02768538,1602,18,Sin Informacion
C08843,233122,CLAUDIA MARTINEZ ORTEGA,"TLAJOMULCO DE ZUÑIGA, JAL",08/01/2026,12/01/2026,08/01/2026, LOCAL,NA,NA,1,Sin Informacion
C04160,233123,HAMPTON INN TORREON,"TORREON, COA",08/01/2026,13/01/2026,,TINY PACK,GD 3461243,616.67,11,Sin Informacion
C07669,233124,HOTEL PLAZA DEL SOL,"HERMOSILLO, SON",08/01/2026,13/01/2026,,TINY PACK,GDL 45678,1104.86,20,Sin Informacion
C07980,233125,MOTEL DORADO,"Manzanillo, COL",08/01/2026,12/01/2026,09/01/2026,TRES GUERRAS,GLZ02768648,840,14,Sin Informacion
C00069,233126,HOTEL MESON DE LOS CRISTEROS,"SAN MIGUEL EL ALTO, JAL",08/01/2026,13/01/2026,,FLETES LA ALTEÑA,,,4,
C08710,233127,HOTEL REAL CATEDRAL,"TULA DE ALLENDE, HID",08/01/2026,13/01/2026,09/01/2026,TRES GUERRAS,GLZ02768637,300,5,Sin Informacion
C08709,233128,HOTEL REAL DEL BOSQUE,"TULA DE ALLENDE, HID",08/01/2026,13/01/2026,09/01/2026,TRES GUERRAS,GLZ02768653,360,6,Sin Informacion
C05104,233129,HOTEL CASA MADONNA,"GUADALAJARA, JAL",08/01/2026,12/01/2026,08/01/2026, LOCAL,NA,NA,2,Sin Informacion
CP0031,233130,ESTANCIA REAL,"GUADALAJARA, JAL",08/01/2026,12/01/2026,08/01/2026, LOCAL,NA,NA,5,Sin Informacion
C08968,233131,VILLAS CAMINO DEL MAR,"CIHUATLAN, JAL",08/01/2026,13/01/2026,,TAMAZULA,,,6,
C07608,233132,CITY EXPRESS PLUS EBC REFORMA (CEEBC),"CIUDAD DE MEXICO, DF2",08/01/2026,12/01/2026,,EXXPREZO,,,10,
C02295,233133,CITY EXPRESS MINATITLAN (CEMTT),"MINATITLAN, VER",08/01/2026,13/01/2026,10/01/2026,TRES GUERRAS,GLZ02768533,1424,16,Sin Informacion
C00568,233134,HOTEL MALIBU,"ZAPOPAN, JAL",08/01/2026,12/01/2026,08/01/2026, LOCAL,NA,NA,18,Sin Informacion
C08395,233135,HOTEL LOS ROBLES,"NUEVO LAREDO, TAM",08/01/2026,13/01/2026,00/01/1900,TRES GUERRAS,GLZ02768660,445,4,Sin Informacion
C04057,233136,TERMAL COSALA,"JOCOTEPEC, JAL",08/01/2026,12/01/2026,09/01/2026,TRES GUERRAS,GLZ02768667,1680,20,07 EMBARQUE ENTREGADO
C04057,233137,TERMAL COSALA,"JOCOTEPEC, JAL",08/01/2026,12/01/2026,,TRES GUERRAS,,,8,
C02434,233138,MESON DEL PUENTE,"ACAMBARO, GTO",08/01/2026,13/01/2026,09/01/2026,TRES GUERRAS,GLZ02768851,600,10,Sin Informacion
C01663,233139,ARRENDADORA GALA,"LAZARO CARDENAS, MCH",08/01/2026,13/01/2026,,TIBSA,,,50,
C07506,233142,COMFORT INN HERMOSILLO (143197),"HERMOSILLO, SON",08/01/2026,13/01/2026,,TINY PACK,GDL 45696,996.37,17,Sin Informacion
C07506,233143,COMFORT INN HERMOSILLO (143197),"HERMOSILLO, SON",08/01/2026,13/01/2026,,TINY PACK,,,19,
C01762,233145,DISTRIBUIDORA JOFA,"TIJUANA, BC",09/01/2026,16/01/2026,00/01/1900,TRES GUERRAS,GLZ02770482,445,2,03 TRANSITO ENTRE SUCURSALES
C01663,233146,ARRENDADORA GALA,"LAZARO CARDENAS, MCH",09/01/2026,14/01/2026,,MAS APRISA,,,10,
C03129,233147,COURTYARD MARRIOTT MEXICO AEROPUERTO A0091048,"MEXICO DELEGACION VENUSTIANO CARRANZA, DF",09/01/2026,13/01/2026,,TRES GUERRAS,,,71,
CLIESP,233150,VENTAS DE MOSTRADOR,"GUADALAJARA, JAL",09/01/2026,13/01/2026,09/01/2026,SOLO FACTURA,NA,NA,1,Sin Informacion
CLIESP,233151,VENTAS DE MOSTRADOR,"GUADALAJARA, JAL",09/01/2026,13/01/2026,09/01/2026,SOLO FACTURA,NA,NA,1,Sin Informacion
C07246,233152,CITY PLUS GUADALAJARA PALOMAR (CEGDP),"TLAJOMULCO DE ZUÑIGA, JAL",09/01/2026,13/01/2026,09/01/2026,LOCAL,NA,NA,13,Sin Informacion
C07262,233158,CITY EXPRESS MONTERREY LINDAVISTA (CEMTL),"GUADALUPE, NL",09/01/2026,13/01/2026,,EXXPREZO,,,9,
C08378,233160,HOTEL PARADOR DEL ALMA,"CHIHUAHUA, CHI",09/01/2026,14/01/2026,,TINY PACK,GD 3461371,996.37,18,Sin Informacion
C07965,233163,HOTEL CAI,"ZAPOPAN, JAL",09/01/2026,13/01/2026,09/01/2026,LOCAL,NA,NA,3,Sin Informacion
C06010,233164,HOTEL RITZ ACAPULCO,"ACAPULCO, GRO",09/01/2026,14/01/2026,00/01/1900,TRES GUERRAS,GLZ02770721,4613.9,82,Sin Informacion
C01598,233166,MOTEL VILLA VERA,"COLIMA, COL",09/01/2026,13/01/2026,00/01/1900,TRES GUERRAS,GLZ02770465,660,4,Sin Informacion
C01598,233167,MOTEL VILLA VERA,"COLIMA, COL",09/01/2026,13/01/2026,00/01/1900,TRES GUERRAS,GLZ02770465,240,4,05 RECIBIDO EN BODEGA DE REPARTO
C01598,233168,MOTEL VILLA VERA,"COLIMA, COL",09/01/2026,13/01/2026,00/01/1900,TRES GUERRAS,GLZ02770465,180,3,05 RECIBIDO EN BODEGA DE REPARTO
C08969,233170,JP HOTEL,"LAZARO CARDENAS, MCH",09/01/2026,14/01/2026,,MAS APRISA,,,8,
C08728,233172,HAMPTON INN SALAMANCA,"SALAMANCA, GTO",09/01/2026,13/01/2026,10/01/2026,TRES GUERRAS,GLZ02770458,300,5,07 EMBARQUE ENTREGADO
C06316,233173,BARCELO MEXICO REFORMA,"CDMX, DF",09/01/2026,13/01/2026,09/01/2026,SOLO FACTURA,NA,NA,106,Sin Informacion
C04003,233174,BARCELO PUERTO VALLARTA,"PUERTO VALLARTA, JAL",09/01/2026,13/01/2026,09/01/2026,SOLO FACTURA,NA,NA,86,Sin Informacion
C01906,233175,HOLIDAY INN EXPRESS GUADALAJARA ITESO (GDLIT),"ZAPOPAN, JAL",09/01/2026,13/01/2026,09/01/2026,LOCAL,NA,NA,6,Sin Informacion
C08629,233176,CANDLEWOOD SUITES CELAYA (BJXCA),"CELAYA, GTO",09/01/2026,13/01/2026,10/01/2026,TRES GUERRAS,GLZ02770439,400,5,Sin Informacion
C04082,233177,RAMADA PLAZA VERACRUZ,"BOCA DEL RIO, VER",09/01/2026,14/01/2026,00/01/1900,TRES GUERRAS,GLZ02770635,2937,33,05 RECIBIDO EN BODEGA DE REPARTO
C07282,233179,CITY PLUS GUADALAJARA EXPO (CEEGD),"ZAPOPAN, JAL",09/01/2026,13/01/2026,09/01/2026,LOCAL,NA,NA,8,Sin Informacion
C07258,233180,CITY EXPRESS ALTAMIRA (CEALT),"ALTAMIRA, TAM",09/01/2026,14/01/2026,00/01/1900,TRES GUERRAS,GLZ02770617,540,9,Sin Informacion
C05901,233181,HOLIDAY INN EXPRESS SILAO (MILENIUM) (BJXAS),"SILAO, GTO",09/01/2026,13/01/2026,10/01/2026,TRES GUERRAS,GLZ02770684,1740,29,Sin Informacion
C09623,233182,RICARDA LOPEZ MORALES,"LOS CABOS, BCS",09/01/2026,16/01/2026,09/01/2026,SOLO FACTURA,NA,NA,1,Sin Informacion
C09624,233183,SOM DOS,"PLAYA DEL  CARMEN, QR",09/01/2026,16/01/2026,09/01/2026,SOLO FACTURA,NA,NA,1,Sin Informacion
C08147,233184,CITY EXPRESS PLUS SANTA FE (CESFE),"CUAJIMALPA DE MORELOS, DF2",09/01/2026,13/01/2026,,EXXPREZO,,,26,
C08664,233186,CITY EXPRESS PLUS GUADALAJARA PROVIDENCIA (CPGDL),"GUADALAJARA, JAL",09/01/2026,13/01/2026,,LOCAL,NA,NA,17,Sin Informacion
C08593,233187,HILTON GRAND VACATIONS LLC  CABO AZUL RESORT (SJDCA),"SAN JOSE DEL CABO, BCS",09/01/2026,16/01/2026,00/01/1900,TRES GUERRAS,GLZ02770591,4496.31,39,Sin Informacion
C00349,233188,HOTEL VISTA EXPRESS MORELIA,"MORELIA, MCH",09/01/2026,14/01/2026,00/01/1900,TRES GUERRAS,GLZ02770585,720,12,Sin Informacion
C08997,233189,MARCOS ALFREDO RAMOS SANDOVAL,"DELICIAS, CHI",09/01/2026,14/01/2026,,TINY PACK,GD 3461372,140,2,Sin Informacion
C03416,233192,HOTEL VIA REAL,"GUADALAJARA, JAL",09/01/2026,13/01/2026,09/01/2026,LOCAL,NA,NA,1,Sin Informacion
C09394,233193,HALTUS HOPE,"PUEBLA, PUE",09/01/2026,13/01/2026,00/01/1900,TRES GUERRAS,GLZ02771027,400.02,3,01 RECIBIDO EN BODEGA EMBARQUES
C08202,233194,INMOBILIARIA DE LAS RIAS BAJAS SA DE CV,"CULIACAN, SIN",09/01/2026,14/01/2026,,TINY PACK,GDL 45890,345.46,6,Sin Informacion
C08907,233196,HOTEL JARDÍN DEL CANTADOR,"CELAYA, GTO",09/01/2026,13/01/2026,00/01/1900,TRES GUERRAS,GLZ02770552,400,4,Sin Informacion
C09427,233197,DOWNTOWN LUXURY SUITES,"DELICIAS, CHI",09/01/2026,14/01/2026,00/01/1900,TRES GUERRAS,GLZ02770540,623,7,Sin Informacion
C01664,233198,MOTEL MAIORIS JESUS KUMATE,"CULIACAN, SIN",09/01/2026,14/01/2026,,SINALOA EXPRESS,,,18,
C03926,233199,HILTON SANTA FE CIUDAD DE MEXICO (MEXSA),"ALVARO OBREGON, CMX",09/01/2026,13/01/2026,,EXXPREZO,0,,15,
C07304,233200,CITY EXPRESS MONTERREY AEROPUERTO (CEMTA),"APODACA, NL",09/01/2026,13/01/2026,,EXXPREZO,,,16,
C07206,233201,CITY SUITES TIJUANA RIO (CSTIR),"TIJUANA, BC",09/01/2026,16/01/2026,00/01/1900,TRES GUERRAS,GLZ02770529,1068,12,Sin Informacion
C07241,233202,CITY EXPRESS MATAMOROS (CEMAT),"MATAMOROS, TAM",09/01/2026,14/01/2026,,CASTORES,,,16,
C07184,233203,CITY EXPRESS SAN LUIS POTOSI ZONA INDUSTRIAL (CESLP),"SAN LUIS POTOSI, SLP",09/01/2026,13/01/2026,,EXXPREZO,,,6,
C02478,233204,CITY EXPRESS PUEBLA FINSA (CEPAU),"CUAUTLANCINGO, PUE",09/01/2026,13/01/2026,10/01/2026,TRES GUERRAS,GLZ02770514,660,11,Sin Informacion
C09625,233205,GALS AND PALS PROYECTO,"TULUM, QR",09/01/2026,16/01/2026,09/01/2026,SOLO FACTURA,NA,NA,2,Sin Informacion
C09626,233206,YOLIHUANI CENTRO NATURISTA DEL VALLE,"CALVILLO, AGS",09/01/2026,13/01/2026,09/01/2026,SOLO FACTURA,NA,NA,1,Sin Informacion
C09626,233207,YOLIHUANI CENTRO NATURISTA DEL VALLE,"CALVILLO, AGS",09/01/2026,13/01/2026,09/01/2026,SOLO FACTURA,NA,NA,1,Sin Informacion
C08787,233208,HOTEL & SUITES REAL DEL LAGO,"CENTRO, TAB",09/01/2026,14/01/2026,00/01/1900,TRES GUERRAS,GLZ02770505,1424,16,Sin Informacion
C08165,233209,HOTEL VILLAS DEL PALMAR,"PTO. VALLARTA, JAL",09/01/2026,14/01/2026,,SANCHEZ,2842144,2194.28,47,Sin comentarios
C03880,233210,HOTEL QUINTA SAN CARLOS,"GUADALAJARA, JAL",09/01/2026,13/01/2026,09/01/2026,SOLO FACTURA,NA,NA,3,Sin Informacion
C04913,233212,PRESIDENTE INTERCONTINENTAL COZUMEL,"COZUMEL, QR",09/01/2026,23/01/2026,00/01/1900,TRES GUERRAS,GLZ02771359,2167.5,17,01 RECIBIDO EN BODEGA EMBARQUES
C09117,233214,BEST WESTERN PLUS MORELIA,"MORELIA, MCH",10/01/2026,14/01/2026,,TRES GUERRAS,0,0,39,Sin Informacion
C09531,233216,EMPACADORA EL CENTENARIO,"AYOTLAN, JAL",12/01/2026,14/01/2026,,SIN HISTORIAL,0,0,7,Sin Informacion
C08350,233217,GARDEN INN PUEBLA (PBCGI),"SAN ANDRES, PUE",12/01/2026,14/01/2026,,EXXPREZO,0,0,288,Sin Informacion
CF0044,233218,HAMPTON INN GUADALAJARA EXPO (GDLEX),"ZAPOPAN, JAL",12/01/2026,14/01/2026,10/01/2026,LOCAL,NA,NA,2,Sin Informacion
C05818,233219,RAMADA ENCORE PUEBLA A0191476,"CORONANGO, PUE",10/01/2026,13/01/2026,,TRES GUERRAS,0,0,1,Sin Informacion
C06223,233220,HAMPTON INN CELAYA (CYWCM),"CELAYA, GTO",10/01/2026,13/01/2026,,TRES GUERRAS,0,0,1,Sin Informacion
C08350,233221,GARDEN INN PUEBLA (PBCGI),"SAN ANDRES, PUE",12/01/2026,14/01/2026,,EXXPREZO,0,0,3,Sin Informacion
C03826,233222,ENCORE QUERETARO (EQRO),"QUERETARO, QUE",12/01/2026,14/01/2026,,EXXPREZO,0,0,20,Sin Informacion
CF0032,233223,WYNDHAM GARDEN CIUDAD OBREGON,"CIUDAD OBREGON, SON",12/01/2026,15/01/2026,,TINY PACK,0,0,1,Sin Informacion
C09005,233224,SAMSON WATERS,"NUEVO NAYARIT, NAY",10/01/2026,14/01/2026,,TRES GUERRAS,0,0,4,Sin Informacion
C06394,233225,COURTYARD CHIHUAHUA(CUUCY) A0096789,"CHIHUAHUA, CHI",12/01/2026,15/01/2026,,TINY PACK,0,0,24,Sin Informacion
C08626,233226,HOTEL GINA,"COLIMA, COL",10/01/2026,13/01/2026,,TRES GUERRAS,0,0,39,Sin Informacion
C03474,233227,MOTEL NEVADO,"COLIMA, COL",10/01/2026,13/01/2026,,TRES GUERRAS,0,0,10,Sin Informacion
C08273,233230,HOTEL DEL VIAJERO,"CIUDAD DEL CARMEN, CAM",10/01/2026,14/01/2026,,TRES GUERRAS,0,0,21,Sin Informacion
C07639,233231,CITY EXPRESS HERMOSILLO EXPO (CEHME),"HERMOSILLO, SON",12/01/2026,15/01/2026,,TINY PACK,0,0,2,Sin Informacion
C04922,233232,PRODUCTOS DE LIMPIEZA DEL VALLE,"OAXACA DE JUAREZ, OAX",10/01/2026,14/01/2026,,TRES GUERRAS,0,0,4,Sin Informacion
C07309,233233,HOTEL BRILLANTE,"GUADALAJARA, JAL",12/01/2026,14/01/2026,10/01/2026,LOCAL,NA,NA,1,Sin Informacion
C04102,233234,VILLAS SOLARIS,"S.J. DEL CABO, BCS",10/01/2026,15/01/2026,,TRES GUERRAS,0,0,10,Sin Informacion
C04102,233235,VILLAS SOLARIS,"S.J. DEL CABO, BCS",10/01/2026,15/01/2026,,TRES GUERRAS,0,0,27,Sin Informacion
C09117,233236,BEST WESTERN PLUS MORELIA,"MORELIA, MCH",10/01/2026,14/01/2026,,TRES GUERRAS,0,0,8,Sin Informacion
C05946,233237,HAMPTON INN CHIHUAHUA (CUUMX),"CHIHUAHUA, CHI",12/01/2026,15/01/2026,,TINY PACK,0,0,34,Sin Informacion
C08899,233238,HOTEL HB,"CORDOBA, VER",10/01/2026,14/01/2026,,TRES GUERRAS,0,0,16,Sin Informacion
C08682,233241,GARDEN INN QUERETARO (QROPI),"QUERETARO, QUE",12/01/2026,14/01/2026,00/01/1900,TRES GUERRAS,0,0,6,Sin Informacion
C07199,233242,CITY EXPRESS NUEVO LAREDO (CENLD),"NUEVO LAREDO, TAM",12/01/2026,15/01/2026,00/01/1900,TRES GUERRAS,0,0,12,Sin Informacion
C07155,233247,CITY PLUS INSURGENTES SUR (CEINS),"CIUDAD DE MÉXICO, DF2",12/01/2026,14/01/2026,00/01/1900,EXXPREZO,0,0,16,Sin Informacion
C07234,233249,CITY JUNIOR CIUDAD DEL CARMEN (CJCME),"CARMEN, CAM",12/01/2026,15/01/2026,00/01/1900,SOLO FACTURA,NA,NA,1,Sin Informacion
C07234,233250,CITY JUNIOR CIUDAD DEL CARMEN (CJCME),"CARMEN, CAM",12/01/2026,15/01/2026,00/01/1900,TRES GUERRAS,0,0,2,Sin Informacion
C05930,233252,HAMPTON INN HERMOSILLO( HMORS),"HERMOSILLO, SON",12/01/2026,15/01/2026,00/01/1900,TINY PACK,0,0,13,Sin Informacion
C03616,233253,BAHIA PRINCIPE,"TULUM, QR",12/01/2026,19/01/2026,00/01/1900,TRES GUERRAS,0,0,20,Sin Informacion
C06459,233254,HOTEL 4 CAMINOS,"NUEVA ITALIA, MCH",12/01/2026,15/01/2026,00/01/1900,TRES GUERRAS,0,0,5,Sin Informacion
C03923,233255,HOTEL MESON DEL VALLE,"JACONA, MCH",12/01/2026,15/01/2026,00/01/1900,TRES GUERRAS,0,0,12,Sin Informacion
C04484,233256,CROWNE PLAZA MONTERREY AEROPUERTO(MTYCP),"MONTERREY, NL",12/01/2026,14/01/2026,00/01/1900,EXXPREZO,0,0,7,Sin Informacion
C09034,233257,COURTYARD BY MARRIOTT CIUDAD DEL CARMEN CAMPECHE,"CIUDAD DEL CARMEN, CAM",12/01/2026,15/01/2026,00/01/1900,TRES GUERRAS,0,0,18,Sin Informacion
C04349,233258,COURTYARD MARRIOT QUERETARO A0093637,"SANTIAGO DE QUERETARO, QUE",12/01/2026,14/01/2026,00/01/1900,TRES GUERRAS,0,0,7,Sin Informacion
C03302,233259,ONE IRAPUATO (1IRTE),"IRAPUATO, GTO",12/01/2026,14/01/2026,00/01/1900,TRES GUERRAS,0,0,2,Sin Informacion
C07427,233260,INSUMOS DEL NORTE,"CD JUAREZ, CHI",12/01/2026,15/01/2026,00/01/1900,TINY PACK,0,0,51,Sin Informacion
C09416,233261,CASA DE LA IAIA,"ORIZABA, VER",12/01/2026,15/01/2026,00/01/1900,TRES GUERRAS,0,0,6,Sin Informacion
C05918,233262,ONE GUADALAJARA EXPO (1GDEX),"GUADALAJARA, JAL",12/01/2026,14/01/2026,00/01/1900,LOCAL,NA,NA,2,Sin Informacion
C00116,233263,HOLIDAY INN GUADALAJARA EXPO (GRUPO HOLA) (GDLMX),"ZAPOPAN, JAL",12/01/2026,14/01/2026,00/01/1900,LOCAL,NA,NA,4,Sin Informacion
C07268,233264,CITY EXPRESS GUSTAVO BAZ (CEBAZ),"TLANEPANTLA, MEX",12/01/2026,14/01/2026,00/01/1900,EXXPREZO,0,0,5,Sin Informacion
C01920,233265,CITY PLUS REFORMA DEL ANGEL (CEANG),"MEXICO, CMX",12/01/2026,14/01/2026,00/01/1900,EXXPREZO,0,0,21,Sin Informacion
C07323,233266,CITY EXPRESS TIJUANA RIO (CETIR),"TIJUANA, BC",12/01/2026,19/01/2026,00/01/1900,TRES GUERRAS,0,0,19,Sin Informacion
C07245,233267,CITY EXPRESS TUXPAN (CETXP),"TUXPAN, VER",12/01/2026,15/01/2026,00/01/1900,TRES GUERRAS,0,0,10,Sin Informacion
C07215,233269,CITY SUITES ANZURES (CSANZ),"CIUDAD DE MEXICO, CMX",12/01/2026,14/01/2026,00/01/1900,SOLO FACTURA,NA,NA,1,Sin Informacion
C07215,233270,CITY SUITES ANZURES (CSANZ),"CIUDAD DE MEXICO, CMX",12/01/2026,14/01/2026,00/01/1900,EXXPREZO,0,0,8,Sin Informacion
C07242,233271,CITY EXPRESS SALAMANCA (CESLM),"SALAMANCA, GTO",12/01/2026,14/01/2026,00/01/1900,SOLO FACTURA,NA,NA,4,Sin Informacion
C07242,233272,CITY EXPRESS SALAMANCA (CESLM),"SALAMANCA, GTO",12/01/2026,14/01/2026,00/01/1900,TRES GUERRAS,0,0,4,Sin Informacion
C03073,233273,COURTYARD MARRIOTT SAN LUIS POTOSI A0152894,"SAN LUIS POTOSI, SLP",12/01/2026,14/01/2026,00/01/1900,EXXPREZO,0,0,20,Sin Informacion
C01712,233274,CITY EXPRESS CIUDAD JUAREZ(CECJS) / JIPJUA,"JUAREZ, CHI",12/01/2026,15/01/2026,00/01/1900,TINY PACK,0,0,10,Sin Informacion
C07221,233275,CITY JUNIOR TIJUANA OTAY (CJTIO),"TIJUANA, BC",12/01/2026,19/01/2026,00/01/1900,TRES GUERRAS,0,0,13,Sin Informacion
C01345,233276,MOTEL NUIT,"TLAJOMULCO DE ZUÑIGA, JAL",12/01/2026,14/01/2026,00/01/1900,LOCAL,NA,NA,21,Sin Informacion
C09599,233277,COMFORT INN MORELIA,"MORELIA, MCH",12/01/2026,15/01/2026,00/01/1900,TRES GUERRAS,0,0,13,Sin Informacion
C09599,233278,COMFORT INN MORELIA,"MORELIA, MCH",12/01/2026,15/01/2026,00/01/1900,SIN HISTORIAL,0,0,8,Sin Informacion
C01774,233279,HOTEL STORE PUERTO VALLARTA,"BAHIA DE BANDERAS, NAY",12/01/2026,14/01/2026,00/01/1900,SANCHEZ,0,0,136,Sin Informacion
C09631,233280,MARIA DE LOS DOLORES CREEL NORIEGA,"CUAJIMALPA DE MORELOS, CMX",12/01/2026,14/01/2026,00/01/1900,SOLO FACTURA,NA,NA,1,Sin Informacion
C02081,233281,EMPORIO ZACATECAS,"ZACATECAS, ZAC",12/01/2026,15/01/2026,00/01/1900,TRES GUERRAS,0,0,,Sin Informacion
C05818,233282,RAMADA ENCORE PUEBLA A0191476,"CORONANGO, PUE",12/01/2026,14/01/2026,00/01/1900,TRES GUERRAS,,,,Sin Informacion
C01722,233283,CITY EXPRESS MEXICALI (CEMXL),"MEXICALI, BC",12/01/2026,19/01/2026,00/01/1900,TRES GUERRAS,,,,Sin Informacion
C06042,233284,HOTEL VILLAMAR PRINCESA,"ACAPULCO, GRO",12/01/2026,15/01/2026,00/01/1900,TRES GUERRAS,,,,Sin Informacion
