FACTURA,RECOMENDACIÓN,FECHA DE FACTURA,NO CLIENTE,RAZON SOCIAL,NOMBRE COMERCIAL,DIRECCION
231599,,01/12/2025,C07264, IMPULSORA PLAZA SANTO DOMINGO , CITY CENTRO OAXACA (CCOAX) ," ALDMA #410   BARRIO DE JALATLACOOAXACA,68080, OAXMX "
231600,,01/12/2025,C07258, IMPULSORA PLAZA ALTAMIRA , CITY EXPRESS ALTAMIRA (CEALT) ," AVENIDA DE LA INDUSTRIA #10680   LA LAGUNA DE LA PUERTAALTAMIRA,89609, TAMMX "
231601,,01/12/2025,C04178, LA ESTACION DE APIZACO , CITY EXPRESS APIZACO (CETXA) ," BLVD. EMILIO SANCHEZ PIEDRAS   CUAHUTEMOCAPIZACO,90300, TLAMX "
231605,,01/12/2025,C09213, ADMINISTRADORA INN POTOSINA , RADISSON SAN LUIS POTOSI AEROPUERTO (148705) ," CAMINO AL AEROPUERTO 590   RINCONADA DE LOS MAGUEYESSAN LUIS POTOSI,78100, SLPMX "
231608,,01/12/2025,C01840, MCLIGHT OPERADORA , RADISSON TOLUCA (143218) ," CARRETERA LIBRE MEXICO TOLUCA KM63.5   SANTA ANA TLAPALTITLANTOLUCA,50160, MEXMX "
231650,,01/12/2025,C07401, IMPULSORA PLAZA TIJUANA OTAY , CITY EXPRESS ENSENADA (CEESE) ," PROL. BLVD. COSTERO # 2849 LOTE B-1 A-2 M-29   CARLOS PACHECOENSENADA,22890, BCMX "
231652,,01/12/2025,C07164, IMPULSORA PLAZA JUAREZ , CITY JUNIOR VILLAHERMOSA (CJVSA) ," BLVD ADOLFO RUIZ CORTINESs #2105   ATASTA DE SIERRAVILLAHERMOSA,86100, TABMX "
231657,,01/12/2025,C07351, IMPULSORA PLAZA TIJUANA , CITY EXPRESS SALTILLO SUR (CESLW) ," PERIFERICO LUIS ECHEVERRIA #350 A   LOURDESSALTILLO,25070, COAMX "
231660,,01/12/2025,C07450, OPERADORA DE HOTELES CELV , CITY EXPRESS LA VILLA (CEVIL) ," CALZADA GUADALUPE #236   VALLEJOCIUDAD DE MEXICO,07870, CMXMX "
231661,,01/12/2025,C07281, IMPULSORA PLAZA TIJUANA , CITY EXPRESS LAZARO CARDENAS (CELZC) ," AV. LAS PALMAS #1291   CENTROLAZARO CARDENAS,60950, MCHMX "
231662,,01/12/2025,C07318, IMPULSORA PLAZA JUAREZ , CITY EXPRESS LOS MOCHIS (CELMM) ," BLVD CENTENARIO No 1135   LAS DELICIASLOS MOCHIS,81277, SINMX "
231663,,01/12/2025,C02297, INMOBILIARIA HOTELERA PASO MONTEJO , CITY EXPRESS MERIDA (CEMID) ," CALLE 45 # 332 COL.BENITO JUAREZ NORTE   C.P. 97119MERIDAMERIDA,97119, YUCMX "
231666,,01/12/2025,C02296, IMPULSORA PLAZA TIJUANA , CITY EXPRESS NOGALES (CENOG) ," PROLONGACION AVENIDA ALVARO OBREGON NUMERO 4200   NUEVO NOGALESNOGALESNOGALES,84092, SONMX "
231673,,01/12/2025,C07298, ALMACENES PALACE RESORTS , LE BLANC CABOS ," KM 18.4 CARRETERA TRANSPENINSULAR SJC-CSL   LOMAS DEL TULESAN  JOSE DEL CABO,23405, BCSMX "
231674,,01/12/2025,C08936, SERVICIO DE PROMOCION Y COMERCIALIZACION DE ATITALAQUIA , CITY EXPRESS BY MARRIOTT TULA (CETUL) ," CARRETERA JOROBA TULA KM 25.8 SN   LA LOMA CARDONALATITALAQUIA,42970, HIDMX "
231675,,01/12/2025,C01699, GRUPO KIMBERLEY , HOLIDAY INN CAMPECHE (CPEMX) ," AV. RESURGIMIENTO 127   DEL PRADOCAMPECHE,24030, CAMMX "
231676,,01/12/2025,C07216, IMPULSORA PLAZA TIJUANA , CITY SUITES QUERETARO (CSQRO) ," AV 5 DE FEBRERO #9852   ZONA INDUSTRIAL BENITO JUAREZQUERETARO,76120, QUEMX "
231678,,01/12/2025,C07324, IMPULSORA PLAZA VILLA HERMOSA , CITY EXPRESS PLUS PUERTO VALLARTA (CPPVT) ," BLVD FRANCISCO MEDINA ASCENCIO #2860   ZONA HOTELERA NORTEPUERTO VALLARTA,48333, JALMX "
231682,,01/12/2025,C04102, HOTELES SOLARIS DE MEXICO , VILLAS SOLARIS ," BLVD. KUKULCAN  LOTE 64 SECCA 2A ETAPA   ZONA HOTELERACANCUNMPIO. BENITO JUAREZ,77500, QRMX "
231684,,01/12/2025,C07453, INMOBILIARIA HOTELERA PLAZA ENSENADA , CITY EXPRESS PLUS ENSENADA (CPESE) ," CARRETERA TIJUANA-ENSENADA KM 104 S/N   EL SAUZALENSENADA,22760, BCMX "
231689,,01/12/2025,C03161, COMPAÑIA MEXICANA DE INVERSIONES TURISTICAS , HOTEL LUCERNA ENSENADA ," AUTOPISTA TIJUANA-ENSENADA # 2501   ZONA PLAYITASENSENADA,22860, BCMX "
231694,,01/12/2025,C07276, IMPULSORA PLAZA TIJUANA , CITY EXPRESS SILAO AEROPUERTO (CESIL) ," CARR. LIBRAMIENTO NORTE #900   LOS FRESNOSSILAO,36126, GTOMX "
231738,,02/12/2025,C07307, IMPULSORA PLAZA JUAREZ , CITY EXPRESS SALTILLO NORTE (CESAL) ," BLVD PERIFERICO LUIS ECHEVERRIA ALVAREZ #1630   REPUBLICA NORTESALTILLO,25280, COAMX "
231744,,02/12/2025,C07203, IMPULSORA PLAZA HERMOSILLO , CITY EXPRESS HERMOSILLO (CEHMO) ," BLVD. RIO SONORA NORTE No. 96   VADO DEL RÍOHERMOSILLO,83078, SONMX "
231745,,02/12/2025,C07233, GENERADORA Y DESARROLLADORA DE PROYECTOS Y SERVICIOS , CITY JUNIOR PUEBLA FINSA (CJPAU) ," GUERRERO #117   LA TRINIDAD SANCTORUMCUAUTLANCINGO,72730, PUEMX "
231755,,02/12/2025,C08429, IMPULSORA PLAZA CELAYA , CITY EXPRES PLUS MEXICALI (CPMXL) ," AV REPUBLICA DE CUBA 39   CUAUHTEMOCMEXICALI,21200, BCMX "
231761,,02/12/2025,C05496, GRUPO POSADAS , FIESTA AMERICANA VILLAS ACAPULCO (FACA) ," AV.COSTERA MIGUEL ALEMAN # 97   CLUB DEPORTIVOACAPULCO,39690, GROMX "
231764,,02/12/2025,C01721, IMPULSORA PLAZA TAMAULIPAS , CITY EXPRESS TAMPICO (CETAM) ," AV. HIDALGO #5820   LOMAS DEL CHAIRELTAMPICOTAMPICO,89360, TAMMX "
231767,,02/12/2025,C01573, FIDEICOMISO F/1596 , FIESTA INN OAXACA (FIOAX) ," AV.UNIVERSIDAD 140   EX-HACIENDA DE CANDIANIOAXACA,68130, OAXMX "
232105,,05/12/2025,C07391, IMPULSORA PLAZA VILLA HERMOSA , CITY EXPRESS PLUS TIJUANA TOREO (CPTIJ) ," BLVD. AGUA CALIENTE #9985   CALETTE DE LA DELEFACION ZONA CENTROTIJUANA,22024, BCMX "
232106,,05/12/2025,C07280, IMPULSORA PLAZA JUAREZ , CITY EXPRESS MONTERREY SANTA CATARINA (CEMTY) ," CARR. MONTERREY SALTILLO #1135   PUERTA DE LAS MITRASSANTA CATARINA,66350, NLMX "
232107,,06/12/2025,C06685, OPERADORA EL GRAN HOTEL , COURTYARD MARRIOTT AEROPUERTO TOLUCA A0088678 ," BLVD MIGUEL ALEMAN 177   SAN PEDRO TOTOLTEPECTOLUCA,50226, MEXMX "
232108,,06/12/2025,C01971, OPERADORA EL GRAN HOTEL , COURTYARD MARRIOTT TOLLOCAN ," BAHIA DE TODOS LOS SANTOS 107   SANTA ANA TLALPALTITLANTOLUCA,50160, MEXMX "
232110,,06/12/2025,C07186, IMPULSORA PLAZA GUADIANA , CITY EXPRESS DURANGO (CEDGO) ," BLVD. FRANCISCO VILLA No. 4021   20 DE NOVIEMBREDURANGO,34234, DURMX "
232112,,06/12/2025,C07234, IMPULSORA PLAZA LA UNION , CITY JUNIOR CIUDAD DEL CARMEN (CJCME) ," CALLE 60 NO. 22   PETROLERACARMEN,24179, CAMMX "
232113,,06/12/2025,C07323, IMPULSORA CITY RIO , CITY EXPRESS TIJUANA RIO (CETIR) ," DR ATL #2282   ZONA URBANA RIO TIJUANATIJUANA,22010, BCMX "
232114,,06/12/2025,C01657, INMOBILIARIA TURISTICA DE PUEBLA , HOLIDAY INN PUEBLA FINSA A0201874 (PUEVW) ," LATERAL AUTOPISTA MEXICO-PUEBLA 7719   RANCHO MORATILLAPUEBLA,72110, PUEMX "
232118,,06/12/2025,C02514, HOTEL ROYAL PLAZA , HOLIDAY INN MEXICO PLAZA UNIVERSIDAD A0210800 (MEXAA) ," PARROQUIA 1056 ENTRADA APROVEEDORES A ESPALDAS   SANTA CRUZ ATOYACMEXICO,03310, CMXMX "
232119,,06/12/2025,C02514, HOTEL ROYAL PLAZA , HOLIDAY INN MEXICO PLAZA UNIVERSIDAD A0210800 (MEXAA) ," PARROQUIA 1056 ENTRADA APROVEEDORES A ESPALDAS   SANTA CRUZ ATOYACMEXICO,03310, CMXMX "
232120,,06/12/2025,C02514, HOTEL ROYAL PLAZA , HOLIDAY INN MEXICO PLAZA UNIVERSIDAD A0210800 (MEXAA) ," PARROQUIA 1056 ENTRADA APROVEEDORES A ESPALDAS   SANTA CRUZ ATOYACMEXICO,03310, CMXMX "
232122,,08/12/2025,C02016, IMPULSORA PLAZA DE ZACATECAS , CITY EXPRESS ZACATECAS (CEZCL) ," CALZADA HEROES DE CHAPULTEPEC No.1700   FRACC. CIUDAD ARGENTUMZACATECAS,98047, ZACMX "
232144,,08/12/2025,C09529, INMOBILIARIA HOTELERA EL PRESIDENTE SAN JOSE DEL CABO , PRESIDENTE INTERCONTINENTAL MONTERREY ," AV. BATALLON DE SAN PATRICIO 410   ZONA SAN AGUSTINSAN PEDRO GARZA GARCÍA,66260, NLMX "
232145,,08/12/2025,C08624, OPERADORA DE HOTELES FLOSOL , HOLIDAY INN & SUITES PUERTO VALLARTA (PVRIF) ," BLVD. FRANCISCO MEDINA ASCENCIO 3650   VILLA LAS FLORESPUERTO VALLARTA,48335, JALMX "
232147,,08/12/2025,C08527, HOTELERIA SUSTENTABLE DEL PACIFICO , HOLIDAY INN EXPRESS & SUITES CIUDAD OBREGON (CENAR) ," CALLE MIGUEL ALEMAN 737   ZONA NORTECIUDAD OBREGON,85040, SONMX "
232153,,08/12/2025,C09564, LITORE MAYA , INDIGO PLAYA DEL CARMEN ," 1 AVENIDA NORTE ENTRE CALLE 26 Y 28 NORTE   GONZALO GUERREROPLAYA DEL CARMEN,77710, QRMX "
232155,,08/12/2025,C06539, INMOBILIARIA HOTELERA EL PRESIDENTE SAN JOSE DEL CABO , PRESIDENTE INTERCONTINENTAL POLANCO ," CAMPOS ELISEOS 218   POLANCOCIUDAD DE MEXICO,11560, CMXMX "
232157,,08/12/2025,C09529, INMOBILIARIA HOTELERA EL PRESIDENTE SAN JOSE DEL CABO , PRESIDENTE INTERCONTINENTAL MONTERREY ," AV. BATALLON DE SAN PATRICIO 410   ZONA SAN AGUSTINSAN PEDRO GARZA GARCÍA,66260, NLMX "
232158,,08/12/2025,C07325, SERVICIOS MEDRANO , HOTEL MEDRANO ," JOSE MA CHAVEZ 904   LINDAVISTAAGUASCALIENTES,20270, AGSMX "
232159,,08/12/2025,C09529, INMOBILIARIA HOTELERA EL PRESIDENTE SAN JOSE DEL CABO , PRESIDENTE INTERCONTINENTAL MONTERREY ," AV. BATALLON DE SAN PATRICIO 410   ZONA SAN AGUSTINSAN PEDRO GARZA GARCÍA,66260, NLMX "
232160,,08/12/2025,C04604, INMOBILIARIA HOTELERA EL PRESIDENTE SAN JOSE DEL CABO , PRESIDENTE INTERCONTINENTAL PUEBLA ," HERMANOS SERDAN 141   AMORPUEBLA,72140, PUEMX "
232162,,08/12/2025,CM0010, OPERADORA HOTELERA IAB , AQUA MEXICO AQBO ," PASEO DE LOS TAMARINDOS # 98   BOSQUES DE LAS LOMAS CUAJIMALPAMEXICO,05120, DFMX "
232166,,08/12/2025,CP0017, MX RIUSA II , RIU VALLARTA ," AV.COCOTEROS LOTE HOTELERO LL INTERIOR HOTEL RIU   CONDOMINIO MAESTRO FLAMINGOSNVO.VALLARTA, B.BANDERAS,63732, NAYMX "
232171,,08/12/2025,C09328, COMERCIALIZADORA SANITARIA , COMSAN ," CARRETERA FEDERAL LIBRE MEXICO-NOGALES KM 1194 , BODEGA 10, BM.   URIASMAZATLAN,82099, SINMX "
232172,,08/12/2025,C01874, FIDEICOMISO IRREVOCABLE DB/1616 , HOLIDAY INN EXPRESS & SUITES MONTERREY AEROPUERTO(MTYZO) ," BLVD.AEROPUERTO 400   PARQUE INDUSTRIAL MILEMIUMAPODACA,66600, NLMX "
232173,,08/12/2025,C06739, OPERADORA CATARATAS , QUALITY INN MAZATLAN (143215) ," CALLE BUGAMBILIAS 100   ZONA DORADAMAZATLAN,82110, SINMX "
232179,,08/12/2025,C08737, HOTELERA CARCUR CASTAÑEDA , HAMPTON INN CIUDAD VICTORIA (CDJVC) ," BOULEVARD TAMAULIPAS 2539   RESIDENCIAL CABAÑAS VICTORIAVICTORIA,87025, TAMMX "
232184,,08/12/2025,C07215, IMPULSORA PLAZA CELAYA , CITY SUITES ANZURES (CSANZ) ," LEIBNITZ #120   NUEVA ANZURESCIUDAD DE MEXICO,11590, CMXMX "
232188,,08/12/2025,C08615, OPERADORA DE ESTANCIAS TURISTICAS , HOLIDAY INN SANTA FE (MEXJC) ," GUILLERMO GONZALEZ CAMARENA 1400   Centro de la Ciudad de Santa feALVARO OBREGON,01210, CMXMX "
232190,,08/12/2025,C08856, CONSTRUCTORA NOMIR , COMFORT INN LOS CABOS (143191) ," CARRETERA TRANSPENINSULAR KM 4.1   EL TEZALLOS CABOS,23454, BCSMX "
232191,,08/12/2025,C04370, FIDEICOMISO IRREVOCABLE DB/1616 , MICROTEL TOLUCA(TLUMI) ," BLVD. AEROPUERTO MIGUEL ALEMAN 125   REFORMATOLUCA,50200, MEXMX "
232196,,08/12/2025,C08577, OPERADORA TURISTICA OMV , ALBOR TAPESTRY COLLECTION BY HILTON (BJXUP) ," CAMINO A LAS 3 CRUCES 149   SALTITO DE GUADALUPESAN MIGUEL DE ALLENDE,37760, GTOMX "
232197,,08/12/2025,C08130, INMOBILIARIA HOTELERA EL PRESIDENTE SAN JOSE DEL CABO , HOLIDAY INN RESORT IXTAPA (ZIHHA) ," BOULEVARD PASEO IXTAPA LOTE 02   ZONA HOTELERA 1 IXTAPAZIHUATANEJO DE AZUETA,40880, GROMX "
232202,,09/12/2025,C07216, IMPULSORA PLAZA TIJUANA , CITY SUITES QUERETARO (CSQRO) ," AV 5 DE FEBRERO #9852   ZONA INDUSTRIAL BENITO JUAREZQUERETARO,76120, QUEMX "
232204,,09/12/2025,C08067, OPERADORA DE SERVICIOS HOTELEROS SAPE , CITY EXPRESS DE LAGOS DE MORENO (CELDM) ," BLVD FELIZ RAMIREZ 756   LAS PALMASLAGOS DE MORENO,47440, JALMX "
232206,,09/12/2025,C03155, TAFER RESORTS MANAGEMENT , GARZA BLANCA LOS CABOS ," CARRETERA TRANSPENINSULAR KM  17.5   COSTA BRAVASAN JOSE DEL CABO,23405, BCSMX "
232207,,09/12/2025,C08429, IMPULSORA PLAZA CELAYA , CITY EXPRES PLUS MEXICALI (CPMXL) ," AV REPUBLICA DE CUBA 39   CUAUHTEMOCMEXICALI,21200, BCMX "
232208,,09/12/2025,C07427, ADRIANA ALVAREZ ALVAREZ , INSUMOS DEL NORTE ," MANUEL J. CLOUTHIER #451-5   MARIA ISABELCD JUAREZ,32600, CHIMX "
232210,,09/12/2025,C08429, IMPULSORA PLAZA CELAYA , CITY EXPRES PLUS MEXICALI (CPMXL) ," AV REPUBLICA DE CUBA 39   CUAUHTEMOCMEXICALI,21200, BCMX "
232211,,09/12/2025,C01565, FIDEICOMISO F/1596 , FIESTA INN MONCLOVA (FIMNC) ," BLVD.HAROLD R.PAPE 1909  JARDINES DE LA SALLE   JARDINES DE LA SALLEMONCLOVA,25750, COAMX "
232215,,09/12/2025,C04964, FIDEICOMISO HLC OPERADOR CIB/2986 , HILTON LOS CABOS (SJDGV) ," CARRETERA FEDERAL LIBRE TRANSPENINSULAR SAN LUCAS -SAN JOSE MARGEN DERECHO KM 19.5   CABO REALSAN JOSE DEL CABO,23400, BCSMX "
232216,,09/12/2025,C02270, INMOBILIARIA CIDRAS , DOUBLETREE BY HILTON VERACRUZ (VERMA) ," BLVD.MANUEL AVILA CAMACHO No. 707   FLORES MAGONVERACRUZVERACRUZ,91900, VERMX "
232217,,09/12/2025,C01317, LAS TORRES INN , COMFORT INN MONTERREY VALLE (143200) ," LAZARO CARDENAS No.1009   VALLE ORIENTESAN PEDRO GARZA GARCIA,66266, NLMX "
232220,,09/12/2025,C08766, MONTERREY HOSPITALITY SERVICES , HILTON MONTERREY (MTYVO) ," AV FUNDADORES #1000   VALLE DEL MIRADORMONTERREY,64750, NLMX "
232226,,09/12/2025,C09593, DESARROLLO INMOBILIARIO DE LOS ALTOS , DESARROLLO INMOBILIARIO DE LOS ALTOS ," BOULEVARD ROMAN MARTIN HUERTA 467   CENTROSAN JUAN DE LOS LAGOS,47000, JALMX "
232229,,09/12/2025,C08928, OPERADORA DE HOTELES CATEDRAL , HOLIDAY INN EXPRESS SATELITE (MEXCA) ," CTO ARQUITECTOS 3   CIUDAD SATELITENAUCALPAN DE JUAREZ,53100, DF2MX "
232230,,09/12/2025,C08529, HOTELERIA SUSTENTABLE DEL PACIFICO , HOLIDAY INN EXPRESS GUAYMAS (GYMSO) ," CALZADA AGUSTIN GARCIA LOPEZ  1298   LAS QUINTASGUAYMAS,85448, SONMX "
232231,,09/12/2025,C06518, CHILPANCINGO INN , HOLIDAY INN CHILPANCINGO (ACAGO) ," BOULEVARD VICENTE GUERREO 148   CIUDAD DE LOS SERVICIOSCHILPANCINGO,39074, GROMX "
232237,,09/12/2025,C06539, INMOBILIARIA HOTELERA EL PRESIDENTE SAN JOSE DEL CABO , PRESIDENTE INTERCONTINENTAL POLANCO ," CAMPOS ELISEOS 218   POLANCOCIUDAD DE MEXICO,11560, CMXMX "
232238,,09/12/2025,C06539, INMOBILIARIA HOTELERA EL PRESIDENTE SAN JOSE DEL CABO , PRESIDENTE INTERCONTINENTAL POLANCO ," CAMPOS ELISEOS 218   POLANCOCIUDAD DE MEXICO,11560, CMXMX "
232239,,09/12/2025,C04913, INMOBILIARIA HOTELERA EL PRESIDENTE SAN JOSE DEL CABO , PRESIDENTE INTERCONTINENTAL COZUMEL ," CARRETERA A CHANKANAB KM. 6.5   ZONA HOTELERA SUR COZUMELCOZUMEL,77600, QRMX "
232241,,09/12/2025,C04913, INMOBILIARIA HOTELERA EL PRESIDENTE SAN JOSE DEL CABO , PRESIDENTE INTERCONTINENTAL COZUMEL ," CARRETERA A CHANKANAB KM. 6.5   ZONA HOTELERA SUR COZUMELCOZUMEL,77600, QRMX "
232242,,09/12/2025,C04913, INMOBILIARIA HOTELERA EL PRESIDENTE SAN JOSE DEL CABO , PRESIDENTE INTERCONTINENTAL COZUMEL ," CARRETERA A CHANKANAB KM. 6.5   ZONA HOTELERA SUR COZUMELCOZUMEL,77600, QRMX "
232243,,09/12/2025,C08080, INMOBILIARIA HOTELERA EL PRESIDENTE SAN JOSE DEL CABO , PRESIDENTE INTERCONTINENTAL CANCUN ," BLVD. KUKULCAN KM. 7.5   ZONA HOTELERACANCUN,77500, QRMX "
232244,,09/12/2025,C08080, INMOBILIARIA HOTELERA EL PRESIDENTE SAN JOSE DEL CABO , PRESIDENTE INTERCONTINENTAL CANCUN ," BLVD. KUKULCAN KM. 7.5   ZONA HOTELERACANCUN,77500, QRMX "
232245,,09/12/2025,C08080, INMOBILIARIA HOTELERA EL PRESIDENTE SAN JOSE DEL CABO , PRESIDENTE INTERCONTINENTAL CANCUN ," BLVD. KUKULCAN KM. 7.5   ZONA HOTELERACANCUN,77500, QRMX "
232246,,09/12/2025,C04297, HOTELES CASA INN , CASA INN BUSINESS HOTEL CELAYA GALERIAS ," AV. JUAN JOSE TORRES LANDA #202   FRACCIONAMIENTO DEL PARQUECELAYA,38010, GTOMX "
232250,,09/12/2025,C08856, CONSTRUCTORA NOMIR , COMFORT INN LOS CABOS (143191) ," CARRETERA TRANSPENINSULAR KM 4.1   EL TEZALLOS CABOS,23454, BCSMX "
232252,,09/12/2025,C04844, FIDEICOMISO IRREVOCABLE DB/1616 , HAMPTON INN QUERETARO(QROHT) ," BLVD.BERNARDO QUINTANA 4100-1   BALCON CAMPESTREQUERETARO,76100, QUEMX "
232255,,09/12/2025,C07762, PROMOTORA GA , CITY EXPRESS CABORCA (CECAB) ," AV DOMINGO QUIROZ Y MORA 132   CENTROCABORCA,83600, SONMX "
232256,,09/12/2025,C08800, ALKOER , STAYBRIDGE SALTILLO (SLWGP) ," BULEVAR CORPORATIVO 177 MANZANA 1E LOTE 3A   PARQUE CENTROSALTILLO,25279, COAMX "
232261,,09/12/2025,C08624, OPERADORA DE HOTELES FLOSOL , HOLIDAY INN & SUITES PUERTO VALLARTA (PVRIF) ," BLVD. FRANCISCO MEDINA ASCENCIO 3650   VILLA LAS FLORESPUERTO VALLARTA,48335, JALMX "
232264,,09/12/2025,C09268, GRAN CASA BUSINESS HOTEL , HAMPTON INN QUERETARO JURIQUILLA ," BLVD. JURICA LA CAMPANA 914   RESIDENCIAL CALETTOQUERETARO,76230, QUEMX "
232266,,09/12/2025,C08134, OPERADORA PALMAR CABO , VILLAS DEL PALMAR LOS CABOS ," KM 0.5 CAMINO VIEJO A SAN JOSE DEL CABO   EL MEDANOCABO SAN LUCAS,23450, BCSMX "
232267,,09/12/2025,C01317, LAS TORRES INN , COMFORT INN MONTERREY VALLE (143200) ," LAZARO CARDENAS No.1009   VALLE ORIENTESAN PEDRO GARZA GARCIA,66266, NLMX "
232268,,09/12/2025,C07384, VANEMO , CITY EXPRESS TLALPAN (CETLA) ," CALZADA DE TLALPAN #1561   PORTALESMEXICO,03300, CMXMX "
232270,,09/12/2025,C04297, HOTELES CASA INN , CASA INN BUSINESS HOTEL CELAYA GALERIAS ," EJE NOR-ORIENTE LUIS DONALDO COLOSIO #198 PLAZA GALERIAS   COMPUERTAS DEL CAMPESTRECELAYA,38080, GTOMX "
232276,,09/12/2025,C01722, IMPULSORA PLAZA TIJUANA , CITY EXPRESS MEXICALI (CEMXL) ," BLVD.BENITO JUAREZ No.1342   COL.JARDINES DEL VALLEMEXICALI,21270, BCMX "
232278,,09/12/2025,C06133, HOTELERA CARCUR CASTAÑEDA , BEST WESTERN SANTORINI ," BOULEVARD TAMAULIPAS 2539   RESIDENCIAL CABAÑAS VICTORIAVICTORIA,87025, TAMMX "
232280,,09/12/2025,C07505, IMPULSORA PLAZA GUADALUPE , CITY EXPRESS CHIHUAHUA (CECHI) ," PERIFERICO DE LA JUVENTUD #6108   DESARROLLO COMERCIAL EL SAUCITOCHIHUAHUA,31110, CHIMX "
232281,,09/12/2025,C08613, MULTISERVICIOS INMOBILIARIOS TURISTICOS , YUCATAN COUNTRY CLUB ," AV  COUNTRY CLUB TABLAJE 27440 LOTE 1 INTERIOR SUB CONDOMINIO YVR 1   SIN NOMBREMERIDA,97308, YUCMX "
232283,,10/12/2025,C08080, INMOBILIARIA HOTELERA EL PRESIDENTE SAN JOSE DEL CABO , PRESIDENTE INTERCONTINENTAL CANCUN ," BLVD. KUKULCAN KM. 7.5   ZONA HOTELERACANCUN,77500, QRMX "
232284,,10/12/2025,C04321, FIDEICOMISO F/1596 , ONE MONCLOVA (1MNCN) ," AV. DE LA SALLE No. 1909   JARDINES DE LA SALLEMONCLOVA,25720, COAMX "
232285,,10/12/2025,C05472, GRUPO POSADAS , FIESTA AMERICANA REFORMA  FARF ," AVENIDA PASEO DE LA REFORMA # 80   JUAREZMEXICO,06600, DFMX "
232286,,10/12/2025,C08275, OPERADORA HOTEL CENTRO HISTORICO , HILTON MEXICO CITY REFORMA (MEXRF) ," JUAREZ 70   CENTRODELEGACION CUAUHTEMOC,06010, CMXMX "
232287,,10/12/2025,C01774, GEORGINA GUADALUPE VILLASEÑOR DEL CASTILLO , HOTEL STORE PUERTO VALLARTA ," AV TEPIC NORTE 473   MEZCALESBAHIA DE BANDERAS,63732, NAYMX "
232288,,10/12/2025,C05726, FIDEICOMISO IRREVOCABLE DB/1616 , WYNDHAM GARDEN MONTERREY VALLE REAL(MTYVR) ," Bvd.Antonio L Rodriguez 3062   Santa MaríaMonterrey,64650, NLMX "
232293,,10/12/2025,C09220, OPERADORA 70103 MEXICALI , ONE CD JUAREZ ," AV. EJERCITO NACIONAL #5520   PARTIDO IGLESIASCD. JUAREZ,32270, CHIMX "
232295,,10/12/2025,C07020, OPERADORA OEA , ENCORE AGUASCALIENTES A0191473 ," BLVD JOSE MARIA CHAVEZ 1925   SAN PEDROAGUASCALIENTES,20280, AGSMX "
232304,,10/12/2025,C09582, ADMINISTRADORA GAREV , WYNDHAM GARDEN SALTILLO ," BLVD VENUSTIANO CARRANZA 5685   PASEO DE LAS PALMASSALTILLO,25210, COAMX "
232309,,10/12/2025,C06901, GIRONA CONSULTORES TURISTICOS , BLUE BAY GRAND ESMERALDA ," KM 300 CARRETERA FEDERAL CHETUMAL-PUERTO JUAREZ LOCAL 6   EJIDO NORTESOLIDARIDAD,77712, QRMX "
232317,,10/12/2025,C09463, C10 CONSTRUCTORA , INDIGO PLAYA DEL CARMEN ," CALLE 20 NTE 300   GONZALO GUERREROPLAYA DEL CARMEN,77720, QRMX "
232319,,10/12/2025,C09463, C10 CONSTRUCTORA , INDIGO PLAYA DEL CARMEN ," CALLE 20 NTE 300   GONZALO GUERREROPLAYA DEL CARMEN,77720, QRMX "
232325,,10/12/2025,C09328, COMERCIALIZADORA SANITARIA , COMSAN ," CALLE SARIC Y ALTAR S/N LOCAL No. 9   LAS CONCHASPUERTO PEÑASCO,83550, SONMX "
232330,,10/12/2025,C08350, OPERADORA TURISTICA SEBASTOPOL , GARDEN INN PUEBLA (PBCGI) ," BOULEVARD ATLIXCAYOTL 2528   RESERVA TERRITORIAL ATLIXCAYOTLSAN ANDRES,72830, PUEMX "
232331,,10/12/2025,C00464, MOTEL COSTA DE ORO , QUALITY INN CD OBREGON (143212) ," AV MIGUEL ALEMAN NORTE 201   CENTRO,MUNICIPIO CAJEMECIUDAD OBREGON,85000, SONMX "
232335,,10/12/2025,C01566, OPERADORA HOTELERA CARPA , CHN CENTRO ," AV.PINO SUAREZ SUR 1001   CENTROMONTERREY,64000, NLMX "
232336,,10/12/2025, C00137 , AUTELES KALIONCHIZ , HOLIDAY INN MONCLOVA (LOVMX) ," BLVD HAROLD R PAPE 200   GUADALUPEMONCLOVA,25750, COAMX "
232337,,10/12/2025,C00137, AUTELES KALIONCHIZ , HOLIDAY INN MONCLOVA (LOVMX) ," BLVD HAROLD R PAPE 200   GUADALUPEMONCLOVA,25750, COAMX "
232338,,10/12/2025,C08017, OSWALDO GARCIA MARTINEZ , GYAPHARMA ," CALLE INGENIO DE TALA 12   JOSE MARIA MARTINEZTEPIC,63199, NAYMX "
232341,,10/12/2025,C02054, KUYN HOTELS , HOLIDAY INN URUAPAN (UPNMX) ," BOULEVARD INDUSTRIAL 1705   VILLA URUAPANURUAPAN,60120, MCHMX "
232342,,10/12/2025,C03389, HOTELES Y SERVICIOS CASABLANCA , WYNDHAM GARDEN AEROPUERTO ," AVENIDA ROGELIO GONZALEZ CABALLERO 150   PARQUE INDUSTRIAL STIVA AEROPUERTOAPODACA,66626, NLMX "
232343,,10/12/2025,C07278, IMPULSORA PLAZA JUAREZ , CITY EXPRESS QUERETARO (CEQRO) ," LATERAL AUTOPISTA MEXICO QUERETARO #2103   ESTRELLAQUERETARO,76030, QUEMX "
232344,,10/12/2025,C07317, IMPULSORA PLAZA VILLA HERMOSA , CITY EXPRESS LA PAZ (CELAP) ," CARRETERA LA PAZ - PICHILINGUE KM 2.5 S/N   LOMAS DE PALMIRALA PAZ,23010, BCSMX "
232345,,10/12/2025,C02295, IMPULSORA PLAZA MINATITLAN , CITY EXPRESS MINATITLAN (CEMTT) ," BLVD.INSTITUTOS TECNOLOGICOS KM.711 MZA 28 LT 39   MORELOSMINATITLAN,96760, VERMX "
232350,,10/12/2025,C01005, HOTELES MODERNOS , RAMADA PLAZA LEON ," PORTAL BRAVO 14   CENTROLEON,37000, GTOMX "
232351,,10/12/2025,C04552, HOTELERA QUERETANA , HOLIDAY INN EXPRESS & SUITES QUERETARO (MQERG) ," AVENIDA 5 DE FEBRERO 110 BIS   NIÑOS HEROESQUERETARO,76010, QUEMX "
232357,,11/12/2025,C08464, PROMOTORA PLATINIUM , GARDEN INN BOCA DEL RIO VERACRUZ (VERBR) ," BLVD MANUEL AVILA CAMACHO LOTE 5   COSTA DE ORO 1ERA SECCIONBOCA DEL RIO VERACRUZ,94299, VERMX "
232359,,11/12/2025,C02413, SINERGIA INMOBILIARIA DE MEXICO , CITY EXPRESS TORREON (CETRC) ," PERIFERICO RAUL LOPEZ SANCHEZ #5500   EL FRESNOTORREON,27018, COAMX "
232361,,11/12/2025,C08543, HOSPITALIDAD LA TENERIA , HAMPTON INN SAN LUIS POTOSI ," AV SALVADOR NAVA 3105   COLINAS DEL PARQUESAN LUIS POTOSI,78294, SLPMX "
232369,,11/12/2025,C07156, PROMOTORA TURISTICA DE OAXACA , CITY EXPRESS OAXACA (CEOAX) ," CALZADA NIÑOS HEROES DE CHAPULTEPEC  #300   CENTROOAXACA DE JUAREZ,68000, OAXMX "
232374,,11/12/2025,C00472, OPERADORA FORSA , HOLIDAY INN MORELIA A0200839 (MLMFO) ," PERIFERICO PASEO DE LA REPUBLICA SECTOR ESPAÑA 3466   EJIDAL OCOLUSENMORELIA,58295, MCHMX "
232375,,11/12/2025,C07957, OPERADORA HOTELERA PUEBLA , ENCORE MONTERREY ," BLVD. CARLOS SALINAS DE GORTARI # 301 PTE   APODACA CENTROCIUDAD APODACA,66600, NLMX "
232376,,11/12/2025,C05818, OPERADORA HOTELERA PUEBLA , RAMADA ENCORE PUEBLA A0191476 ," LATERAL DEL ANILLO PERIFERICO #1230   SAN FRANCISCO  OCOTLANCORONANGO,72680, PUEMX "
232382,,11/12/2025,C01774, GEORGINA GUADALUPE VILLASEÑOR DEL CASTILLO , HOTEL STORE PUERTO VALLARTA ," AV TEPIC NORTE 473   MEZCALESBAHIA DE BANDERAS,63732, NAYMX "
232395,,11/12/2025,C01783, MARCO ANTONIO GUERRERO NORIS , MG COMERCIALIZADORA ," DE LOS ENEBROS No.449   LOS MANGOS IIMAZATLAN,82128, SINMX "
232399,,11/12/2025,C08449, DESARROLLADORA GRAND HOTEL , COURTYARD LOS LAGOS SAN LUIS POTOSI A0153234 ," AV LOS LAGOS 105   LOS LAGOSSAN LUIS POTOSI,78397, SLPMX "
232401,,11/12/2025,C08562, EDCO TURISMO AGUASCALIENTES , HAMPTON INN DOWNTOWN AGUASCALIENTES (AGUMX) ," AV. JOSE MARIA CHAVEZ 1512   JARDINES DE LA ASUNCIONAGUASCALIENTES,20270, AGSMX "
232402,,11/12/2025,C08540, INMOBILIARIA PENINSULAR DG , HAMPTON INN MERIDA (MIDHX) ," CALLE 20 A POR 3 C Y 5 A NUMERO 288   XCUMPICHMERIDA,97204, YUCMX "
232405,,11/12/2025,C04260, OPERADORA HOTELERA SLP , ENCORE SAN LUIS A0191479 ," AV. BENITO JUAREZ #3963   LAS MERCEDESSAN LUIS POTOSI,78394, SLPMX "
232409,,11/12/2025,C05942, FIDEICOMISO IRREVOCABLE DB/1616 , HAMPTON INN SALTILLO(SLWHA) ," Zona Aeropuerto SALTILLO-JARDINES COLONIALES   Carretera Saltillo-Monterrey 6580Saltillo,25270, COAMX "
232410,,11/12/2025,C08871, ESTANCIA & CONFORT DE ANGELES , HOLIDAY INN EXPRESS & SUITES PUEBLA ANGELOPOLIS  (PUEAN) ," AV. PERSEO ORIENTE 2502   SAN MARTINITOSAN ANDRES CHOLULA,72825, PUEMX "
232411,,11/12/2025,C04593, FIDEICOMISO IRREVOCABLE DB/1616 , HOLIDAY INN EXPRESS TOLUCA TOLLOCAN (TLUDR) ," Paseo Tollocan 818   Santa Ana TlapaltitlanToluca de Lerdo,50160, MEXMX "
232412,,11/12/2025,CF0058, FIDEICOMISO F/1596 , REAL INN MEXICALI ," AV LOS HEROES #201   CENTRO CIVICOMEXICALI,21000, BCMX "
232413,,12/12/2025,C00112, FORSA EXPRESS , HOLIDAY INN EXPRESS MORELIA (MLMRA) A0200840 ," PERIFERICO PASEO DE LA REPUBLICA No.5000   EJIDAL OCOLUSENMORELIA,58295, MCHMX "
232416,,12/12/2025,C00699, INVERSIONES POTOSINAS , HOTEL PANORAMA ," VENUSTIANO CARRANZA # 315   ZONA CENTROSAN LUIS POTOSI,78000, SLPMX "
232417,,12/12/2025,C06605, FIDEICOMISO F/1596 , FAIRFIELD MARRIOT NOGALES A0097801 ," BLVD EL GRECO # 45   EL GRECONOGALES,84066, SONMX "
232418,,12/12/2025,C02600, GRUPO INMOBILIARIO RICSHER , HOLIDAY INN TUXPAN (PAZTU) ," BOULEVARD LA CALZADA No 33   LA CALZADATUXPAN,92773, VERMX "
232420,,12/12/2025,C08297, OPERADORA DE HOTELES ISTAY SILAO , GARDEN INN SILAO AEROPUERTO (BJXBA) ," LIBRAMIENTO NORTE 3350   LA JOYASILAO,36169, GTOMX "
232421,,12/12/2025,C05844, OPERADORA DE HOTELES GALERIAS , HOLIDAY INN EXPRESS SAN JERONIMO(MILENIUM) (MTYSJ) ," AV. SAN JERONIMO 1082   SAN JERONIMOMONTERREY,64640, NLMX "
232428,,12/12/2025,C03092, COMPAÑIA MEXICANA DE INVERSIONES TURISTICAS , HOTEL LUCERNA MEXICALI ," BOULEVARD BENITO JUAREZ 2151   INSURGENTES ESTEMEXICALI,21280, BCMX "
232431,,12/12/2025,C05965, CHARTWELL DE NUEVO LAREDO , HILTON MEXICO CITY AIRPORT ," CAPITAN CARLOS LEON S/N 3ER PISO DE LA NUEVA TERMINAL AEREA INTERNACIONAL DE LA CIUDAD DE MEXICO   PEÑON DE LOS BAÑOSMEXICO,15620, CMXMX "
232433,,12/12/2025,C07134, TRINITY GROUP PARTNERS , HOLIDAY INN TLAXCALA (PBCAX) ," CARRETERA TLAX-APIZACO CALLE INDEPENDENCIA KM 10   SANTA MARIA ATLLIHUETZIANYAUHQUEMEHCAN,90459, TLAMX "
232436,,12/12/2025,C01774, GEORGINA GUADALUPE VILLASEÑOR DEL CASTILLO , HOTEL STORE PUERTO VALLARTA ," AV TEPIC NORTE 473   MEZCALESBAHIA DE BANDERAS,63732, NAYMX "
232438,,12/12/2025,C01326, CORDOBA INN , COMFORT INN CORDOBA (143195) ," AV.1 No.2623 ENTRE CALLE 26 Y 28   PLAZA FUNDADORES  C.P. 94550CORDOBA,94550, VERMX "
232439,,12/12/2025,C08695, PROYECTOS PROCAR , HAMPTON INN CIUDAD DEL CARMEN (CMEMX) ," AV ISLA DE TRIS 28 A   FRACCIONAMIENTO RESIDENCIAL SAN MIGUELCIUDAD DEL CARMEN,24157, CAMMX "
232440,,12/12/2025,C07310, CORPORACION INMOBILIARIA KTRC , HOTEL NOBU LOS CABOS (KTRC Hotel Nobu Los Cabos) ," CALLE ESTERO Y DELFIN, FRACC. DIAMANTE S/N,   CANGREJOS POLIGONO 1 FRACCION DCABO SAN LUCAS,23473, BCSMX "
232443,,12/12/2025,C09071, ALLIANCE HOTEL MANAGEMENT , REAL INN SAN LUIS POTOSI ," CARRETERA GUADALAJARA No.1100 Y ANILLO PERIFERICO   RINCON DE LOS ANDESSAN LUIS POTOSI,78216, SLPMX "
232444,,12/12/2025,C08464, PROMOTORA PLATINIUM , GARDEN INN BOCA DEL RIO VERACRUZ (VERBR) ," BLVD MANUEL AVILA CAMACHO LOTE 5   COSTA DE ORO 1ERA SECCIONBOCA DEL RIO VERACRUZ,94299, VERMX "
232449,,15/12/2025,C09573, FIBRA HOTELERA , FIESTA INN OAXACA (FIOAX) ," AV. UNIVERSIDAD #140   EX HACIENDA CANDIANIOAXACA,68130, OAXMX "
232450,,15/12/2025,C01774, GEORGINA GUADALUPE VILLASEÑOR DEL CASTILLO , HOTEL STORE PUERTO VALLARTA ," AV TEPIC NORTE 473   MEZCALESBAHIA DE BANDERAS,63732, NAYMX "
232458,,15/12/2025,C05352, PINNACLE INVESTMENTS , RESORTS BY PINNACLE ," PULPITO # 180   EMILIANO ZAPATAPUERTO VALLARTA,48380, JALMX "
232464,,15/12/2025,C09020, OPERADORA HOTELERA NACIONAL CUEVAS , HILTON QUERETARO ," ANILLO VIAL II FRAY JUNIPERO SERRA 1500   ARBOLEDASQUERETARO,76140, QUEMX "
232466,,15/12/2025,C03465, OPERADORA DECORI ORIZABA , HOLIDAY INN ORIZABA (VEROZ) ," ORIENTE 6  892 Entre Sur 17 y 19   CENTROORIZABA,94300, VERMX "
232471,,15/12/2025,C07262, SINERGIA INMOBILIARIA DE MEXICO , CITY EXPRESS MONTERREY LINDAVISTA (CEMTL) ," AV MIGUEL ALEMAN 5331   CERRADAS DE LINDA VISTAGUADALUPE,67130, NLMX "
232473,,15/12/2025,C07242, IMPULSORA PLAZA JUAREZ , CITY EXPRESS SALAMANCA (CESLM) ," BLVD. FAJA DE ORO #1805   EL PIRULSALAMANCA,36740, GTOMX "
232484,,15/12/2025,C01762, DISTRIBUIDORA JOFA , DISTRIBUIDORA JOFA ," CALLE VILLASANA #656   20 DE NOVIEMBRETIJUANA,22100, BCMX "
232496,,15/12/2025,C05813, KAAL OPERADORA DE HOTELES , SLEEP INN MONTERREY SAN PEDRO (143233) ," BLVD ANTONIO L. RODRIGUEZ#3074   SANTA MARIA NUEVO LEONMONTERREY,64660, NLMX "
232497,,15/12/2025,C05813, KAAL OPERADORA DE HOTELES , SLEEP INN MONTERREY SAN PEDRO (143233) ," BLVD ANTONIO L. RODRIGUEZ#3074   SANTA MARIA NUEVO LEONMONTERREY,64660, NLMX "
232498,,15/12/2025,C01294, TAMPICO INN , COMFORT INN TAMPICO (143207) ," AV.HIDALGO NO.3408-A   FLORESTAMPICO,89220, TAMMX "
232499,,15/12/2025,C01294, TAMPICO INN , COMFORT INN TAMPICO (143207) ," AV.HIDALGO NO.3408-A   FLORESTAMPICO,89220, TAMMX "
232504,,15/12/2025,C04472, INMOBILIARIA BALROY , HOLIDAY INN HUATULCO (HUXHI) ," BOULEVARD SANTA CRUZ 604   SANTA CRUZ SECTOR ASANTA MARIA HUATULCO,70987, OAXMX "
232506,,15/12/2025,C03302, DIIA CONSTRUCCION E INMOBILIARIA , ONE IRAPUATO (1IRTE) ," PASEO DE LA ALTIPLANICIE NO 11   VILLAS DE IRAPUATOIRAPUATO,36670, GTOMX "
232507,,15/12/2025,C08464, PROMOTORA PLATINIUM , GARDEN INN BOCA DEL RIO VERACRUZ (VERBR) ," BLVD MANUEL AVILA CAMACHO LOTE 5   COSTA DE ORO 1ERA SECCIONBOCA DEL RIO VERACRUZ,94299, VERMX "
232519,,15/12/2025,C07211, HOTELERIA Y SERVICIOS REFORMA , CITY EXPRESS CIUDAD VICTORIA (CECVM) ," BLVD. ADOLFO LOPEZ MATEOS #890   SIERRA GORDAVICTORIA,87050, TAMMX "
232521,,15/12/2025,C05489, GRUPO POSADAS , FIESTA INN INSURGENTES VIADUCTO (FIINS) ," AV.INSURGENTE SUR 533   ESCANDONMEXICO,11800, DFMX "
232526,,15/12/2025,C08781, OPERADORA DE HOTELES COSTA BAJA , INDIGO LA PAZ (LAPGO) ," CARRETERA A PICHILINGUE KM 7.5 S/N LOCAL 47   LOMAS DE PALMIRALA PAZ,23010, BCSMX "
232528,,16/12/2025,C08075, VENTAS MOSTRADOR PLAYA , VENTAS MOSTRADOR PLAYA ," CARRT. FED. KM. 255.5 LOCAL 2   EJIDALSOLIDARIDAD,77710, QRMX "
232529,,16/12/2025,C07962, GRUPO INMOBILIARIO GRANADOS ENCISO , COMFORT INN DELICIAS (143196) ," AV JESSICA JURADO  4   ORIENTE 1DELICIAS,33000, CHIMX "
232530,,16/12/2025,C05965, CHARTWELL DE NUEVO LAREDO , HILTON MEXICO CITY AIRPORT ," CAPITAN CARLOS LEON S/N 3ER PISO DE LA NUEVA TERMINAL AEREA INTERNACIONAL DE LA CIUDAD DE MEXICO   PEÑON DE LOS BAÑOSMEXICO,15620, CMXMX "
232538,,16/12/2025,C08576, OPERADORA HOTELERA ROYAL , HOLIDAY INN CIUDAD DE MEXICO TRADE CENTER A0206024 (MEXTC) ," AV PRIMERO DE MAYO 223   SAN PEDRO DE LOS PINOSCIUDAD DE MEXICO,03800, CMXMX "
232546,,16/12/2025,C09328, COMERCIALIZADORA SANITARIA , COMSAN ," CALLE SARIC Y ALTAR S/N LOCAL No. 9   LAS CONCHASPUERTO PEÑASCO,83550, SONMX "
232548,,16/12/2025,C05930, FIDEICOMISO IRREVOCABLE DB/1616 , HAMPTON INN HERMOSILLO( HMORS) ," Paseo Río Sonora Norte 172   PROYECTO RÍO SONORAHermosillo,83270, SONMX "
232549,,16/12/2025,C08164, OPERADORA PALMAR VALLARTA , VILLAS DEL PALMAR FLAMINGOS ," AVENIDA PASEO COCOTEROS No.750 SUR   FLAMINGOSNUEVO VALLARTA,63732, NAYMX "
232550,,16/12/2025,C08350, OPERADORA TURISTICA SEBASTOPOL , GARDEN INN PUEBLA (PBCGI) ," BOULEVARD ATLIXCAYOTL 2528   RESERVA TERRITORIAL ATLIXCAYOTLSAN ANDRES,72830, PUEMX "
232555,,16/12/2025,C07738, BOTANICAROMATICA , XINU ," Rio Misisipi # 58   Cuauhtemoc Delegación cuauhtémocCiudad de Mexico,06500, CMXMX "
232557,,16/12/2025,C07738, BOTANICAROMATICA , XINU ," Rio Misisipi # 58   Cuauhtemoc Delegación cuauhtémocCiudad de Mexico,06500, CMXMX "
232560,,16/12/2025,CG0024, FARMASES , FARMASES ," Calle Cabrera #147   Barrio San CarlosMonterrey,64102, NLMX "
232564,,16/12/2025,C09328, COMERCIALIZADORA SANITARIA , COMSAN ," AV. LUIS DONALDO COLOSIO #126   CENTROHERMOSILLO,83000, SONMX "
232565,,16/12/2025,C01381, SERVICIOS ESPECIALES TURISTICOS , CROWNE PLAZA TLALNEPANTLA (MEXLM) ," ROBERTO FULTON 2-A   SAN LORENZOTLALNEPANTLA,54030, MEXMX "
232566,,16/12/2025,C08508, HOSPITALIDAD DE IRAPUATO , HAMPTON INN IRAPUATO ," BLVD LAZARO CARDENAS 4210   RESIDENCIAL CAMPESTREIRAPUATO,36698, GTOMX "
232567,,16/12/2025,C07831, PROMOTORA DORADO PACIFICO , SUNSCAPE IXTAPA (SUDIX) A0099163 ," PASEO DE IXTAPA S/N LOTE 3A   IXTAPAZIHUATANEJO,40884, GROMX "
232568,,16/12/2025,C09604, OPERADORA GRAN PACIFICO , CITY EXPRESS PLUS MAZATLAN (CPMZT) ," AV. PASEO DEL PALMAR #6101 INT SIN NUMERO   MARINA MAZATLANSINALOA,82103, SINMX "
232569,,16/12/2025,C08131, INMOBILIARIA HOTELERA EL PRESIDENTE SAN JOSE DEL CABO , HOLIDAY INN & SUITES AGUASCALIENTES (AGUGP) ," CARRETERA PANAMERICANA SUR KM 52 S/N   CARRETERA PANAMERICANAAGUASCALIENTES,20345, AGSMX "
232570,,16/12/2025,C05532, FIDEICOMISO F/1596 , FAIRFIELD INN & SUITES BY MARRIOTT QUERETARO JURIQUILLA A0095892 ," AVENIDA ANILLO VIAL FRAY JUNIPERO SERRA 21280JURIQUILLA,76127, QUEMX "
232574,,16/12/2025,C04732, HOTEL REAL VILLA FLORIDA VERACRUZ , SUITES VILLA FLORIDA VERACRUZ ," BLVD AVILA CAMACHO 702   COSTA DE OROBOCA DEL RIO,94299, VERMX "
232578,,16/12/2025,C09407, OPERADORA HARARE , HOLIDAY INN EXPRESS MEXICO ," AV INSURGENTES SUR 287   HIPODROMO CONDESACUAUHTEMOC,06170, CMXMX "
232586,,17/12/2025,C08179, SERVICIOS COMERCIALES LEON ESTADIO , CITY JUNIOR CENTRO DE CONVENCIONES (CJLEO) ," BLVD ADOLFO LOPEZ MATEOS No. 2003   BUGAMBILIASLEON,37270, GTOMX "
232587,,17/12/2025,C07423, IMPULSORA PLAZA TIJUANA , CITY EXPRESS TAPACHULA (CETAP) ," CARRETERA A PUERTO MADERO PRIVADA PASEO DE LAS HORTENCIAS TRAMO 1. KM 3.5 S/N   FRACCIONAMIENTO LAS HORTENCIASTAPACHULA,30797, CHSMX "
232588,,17/12/2025,C08137, SERVICIOS COMERCIALES LEON ESTADIO , CITY PLUS LEON CENTRO DE CONVENCIONES (CPLEO) ," BLVD ADOLFO LOPEZ MATEOS No. 2003   BUGAMBILIASLEON,37270, GTOMX "
232590,,17/12/2025,C08586, SYMA JUAREZ , HAMPTON INN CIUDAD JUAREZ (CDJMX) ," TOMAS FERNANDEZ 7770   PARTIDO DOBLADOJUAREZ,32530, CHIMX "
232592,,17/12/2025,C01381, SERVICIOS ESPECIALES TURISTICOS , CROWNE PLAZA TLALNEPANTLA (MEXLM) ," ROBERTO FULTON 2-A   SAN LORENZOTLALNEPANTLA,54030, MEXMX "
232601,,17/12/2025,C05605, GRUPO HOTELERO SCN , ONE PUEBLA SERDAN (1PUSR) ," AV 15 DE MAYO 4502   ZONA CENTRO ATOYAC SAN GERONIMO CALERAPUEBLA,72023, PUEMX "
232605,,17/12/2025,C05496, GRUPO POSADAS , FIESTA AMERICANA VILLAS ACAPULCO (FACA) ," AV.COSTERA MIGUEL ALEMAN # 97   CLUB DEPORTIVOACAPULCO,39690, GROMX "
232606,,17/12/2025,C06650, FIBRA HOTELERA , FIESTA AMERICANA HACIENDA GALINDO (FAHG) ," CARRETERA A AMEALCO KM 5.5   SAN JOSE GALINDOSAN JUAN DEL RIO,76800, QUEMX "
232607,,17/12/2025,C06727, PROMOTORA RANCHO SAN MIGUEL , HAVEN RESORTS ," CARRETERA FEDERAL 307 CHETUMAL PTO JUAREZ  KM 355   ZONA FEDERALBENITO JUAREZ,77569, QRMX "
232609,,17/12/2025,C09514, DESARROLLOS INMOBILIARIOS PUERTO MORELOS , PALMAR BEACH BAHIA PETEMPICH ," SM 12, MZ 34,LT 15-04   BAHIA PETEMPICHPUERTO MORELOS,77580, QRMX "
232611,,17/12/2025,C03618, PROMOTORA PUNTA NIZUC , NIZUC RESORT & SPA ," BOULEVARD KUKULKAN KILOMETRO 21 260 LOTE 1 01 MANZANA 59   ZONA HOTELERACANCUN BENITO JUAREZ,77500, QRMX "
232614,,17/12/2025,C02549, PENINSULAR DE HOTELES , RAMADA BY WYNDHAM CANCUN ," AVENIDA CARLOS NADER MANZANA 1 LOTES 1 2 3 SMZA 2   CENTROCANCUNCANCUN,77500, QRMX "
232615,,17/12/2025,C07266, IMPULSORA PLAZA CELAYA , CITY EXPRESS VERACRUZ (CEVER) ," BLVD. MANUEL AVILA CAMACHO #2374   COSTA DE ORO 2DA. SECCIONBOCA DEL RIO,94299, VERMX "
232616,,17/12/2025,C03616, REPRESENTACIONES TURISTICAS MEXICO , BAHIA PRINCIPE ," Entre Calle HOTEL OASIS AKUMAL Y Calle HACIENDA DOÑA ISABEL SN   AkumalTulum,77776, QRMX "
232617,,17/12/2025,C08550, CORPORATIVO PADEM , TRYP BY WYNDHAM CHETUMAL ," CARMEN OCHOA DE MERINO  #166   CENTROCHETUMAL,77000, QRMX "
232625,,17/12/2025,CF0002," ""OPERADORA HOTELERA CITY CENTER METEPEC"" ", HOLIDAY INN EXPRESS TOLUCA GALERIAS METEPEC (TLUME) ," BOULEVARD TOLUCA-METEPEC 268   LA MICHOACANAMETEPEC,52166, MEXMX "
232627,,17/12/2025,C07627, IMPULSORA PLAZA LA ESTANCIA , CITY EXPRESS PLUS SAN LUIS POTOSI (CPSLP) ," ANDADOR PLAZA LOMAS 52   LOMAS DEL TECNOLOGICOSAN LUIS POTOSI,78215, SLPMX "
232630,,17/12/2025,C08697, DESARROLLOS GCR , SUNSCAPE CANCUN ," BLVD. KUKULCAN KM. 11.5   ZONA HOTELERACANCUN,77500, QRMX "
232631,,17/12/2025,C01381, SERVICIOS ESPECIALES TURISTICOS , CROWNE PLAZA TLALNEPANTLA (MEXLM) ," ROBERTO FULTON 2-A   SAN LORENZOTLALNEPANTLA,54030, MEXMX "
232633,,17/12/2025,C07304, IMPULSORA PLAZA JUAREZ , CITY EXPRESS MONTERREY AEROPUERTO (CEMTA) ," KAPPA #5028   PARQUE INDUSTRIAL MILENIUMAPODACA,66600, NLMX "
232636,,17/12/2025,C00667, INMOBILIARIA HOTELERA DE QUERETARO , HOLIDAY INN QUERETARO CENTRO HISTORICO A0223804 (MQEMX) ," AV 5 FEBRERO #110   NIÑOS HEROESSANTIAGO DE QUERETARO,76010, QUEMX "
232637,,17/12/2025,C05222, INMOBILIARIA PENINSULAR DG , HAMPTON INN VILLAHERMOSA (VSATA) ," AV PROLONGACION 27 DE FEBRERO NO 2804   ATASTA DE SERRAVILLAHERMOSA,86100, TABMX "
232638,,17/12/2025,CG0024, FARMASES , FARMASES ," Calle Cabrera #147   Barrio San CarlosMonterrey,64102, NLMX "
232639,,17/12/2025,C02482, TOURS DE GOLF MEXICO , PACIFICA RESORTS IXTAPA ," PASEO DE LA COLINA S/N   VISTA HERMOSAIXTAPA ZIHUATANEJO,40880, GROMX "
232641,,17/12/2025,C06539, INMOBILIARIA HOTELERA EL PRESIDENTE SAN JOSE DEL CABO , PRESIDENTE INTERCONTINENTAL POLANCO ," CAMPOS ELISEOS 218   POLANCOCIUDAD DE MEXICO,11560, CMXMX "
232642,,17/12/2025,C07235, SINERGIA INMOBILIARIA DE MEXICO , CITY EXPRESS MONTERREY NORTE (CEMTN) ," CARRETERA A NUEVO LAREDO 21521-A   NO ESPECIFICADAAPODACA,66600, NLMX "
232644,,17/12/2025,C07494, IMPULSORA PLAZA TAMAULIPAS , CITY EXPRESS PLUS TAMPICO (CPTAM) ," AVENIDA HIDALGO 2005-A   SMITHTAMPICO,89140, TAMMX "
232646,,17/12/2025,C07609, IMPULSORA PLAZA CELAYA , CITY EXPRESS CHETUMAL (CECTM) ," PERDIZ #442   EMANCIPACION INFONAVITCHETUMAL,77084, QRMX "
232648,,17/12/2025,C07268, IMPULSORA PLAZA DE ZACATECAS , CITY EXPRESS GUSTAVO BAZ (CEBAZ) ," GUSTAVO BAZ #29   XOCOYAHUALCOTLANEPANTLA,54080, MEXMX "
232650,,17/12/2025,C01819, OPERADORA DE HOTELES SANTO DOMINGO , HOLIDAY INN EXPRESS OAXACA CENTRO HISTORICO (OACMX) ," DIAZ QUINTAS 115   CENTROOAXACA,68000, OAXMX "
232658,,17/12/2025,C07234, IMPULSORA PLAZA LA UNION , CITY JUNIOR CIUDAD DEL CARMEN (CJCME) ," CALLE 60 NO. 22   PETROLERACARMEN,24179, CAMMX "
232668,,17/12/2025,C08539, IMPULSORA PLAZA TIJUANA , CITY EXPRESS MONTERREY UNIVERSIDAD (CEMTS) ," AV ALFONSO REYES 550   REGINAMONTERREY,64240, NLMX "
232670,,17/12/2025,C08017, OSWALDO GARCIA MARTINEZ , GYAPHARMA ," CALLE INGENIO DE TALA 12   JOSE MARIA MARTINEZTEPIC,63199, NAYMX "
232674,,17/12/2025,C07717, CONSORCIO CUMA , HOLIDAY INN QUERETARO ZONA DIAMANTE (MQEBC) ," ANILLO VIAL II FRAY JUNIPERO SERRA  1500 A INT SN   ARBOLEDASQUERETARO,76140, QUEMX "
232675,,17/12/2025,C03485, OPERADORA DE HOTELES SAN JERONIMO , COURTYARD MARRIOTT SAN JERONIMO 9392Y ," AV. SAN JERONIMO 1012   SAN JERONIMOMONTERREY,64640, NLMX "
232676,,17/12/2025,C06381, FIDEICOMISO F/1596 , COURTYARD MARRIOT MEXICO CITY TOREO A0096790 ," BLVD MANUEL AVILA CAMACHO #150   FRACC EL PARQUENAUCALPAN DE JUAREZ,53398, MEXMX "
232677,,17/12/2025,C06394, FIDEICOMISO IRREVOCABLE DB/1616 , COURTYARD CHIHUAHUA(CUUCY) A0096789 ," VIA LOMBARDIA 5702   DESARROLLO SAUCITOCHIHUAHUA,31110, CHIMX "
232678,,17/12/2025,C08995, FIDEICOMISO F/1596 , WYNDHAM MONTERREY CENTRO ," MIGUEL HIDALGO Y COSTILLA 310   CENTROMONTERREY,64000, NLMX "
232681,,17/12/2025,C04187, HECTOR FRANCISCO VILLA AGUERO , GAMMA PALENQUE NUTUTUN ," KM 3 5 C PALENQUE OCOSINGO S/N   NUTUTUNPALENQUE,29960, CHSMX "
232684,,17/12/2025,C08128, PROMOTORA DEVI , HOLIDAY INN EXPRESS MONTERREY FUNDIDORA (MTYFU) ," AV FUNDIDORA SIN NUMERO   OBRERAMONTERREY,64010, NLMX "
232685,,17/12/2025,C07241, IMPULSORA PLAZA TIJUANA , CITY EXPRESS MATAMOROS (CEMAT) ," AV PEDRO CARDENAS No 3993   INFONAVIT BUENAVISTAMATAMOROS,87390, TAMMX "
232689,,18/12/2025,C08866, REAL ESTATE VALUE MANAGEMENT , CURIO A COLLECTION BY HILTON THE FIVES DOWNTOWN HOTEL & RESIDENCES (CUNCU) ," CALLE 2 ESQUINA AVENIDA 10 NORTE I M 10 LT 2   CENTROPLAYA DEL CARMEN,77710, QRMX "
232694,,18/12/2025,C08498, OPERADORA TURISTICA SANTO NIÑO , GARDEN INN LEON POLIFORUM (BJXAD) ," BLVD ADOLFO LOPEZ MATEOS 2126   SAN ISIDROLEON,37530, GTOMX "
232697,,18/12/2025,C08821, HOTELES ALT , DOUBLETREE TOLUCA (TLCTL) ," INDUSTRIA MINERA 503   SAN LORENZO TEPALTITLANTOLUCA,50010, MEXMX "
232700,,18/12/2025,C08111, AUTENTICO BOUTIQUE , HOTEL AUTENTICO ," AV MANUEL GOMEZ MORIN 285   VALLE DEL CAMPESTRESAN PEDRO GARZA GARCIA,66265, NLMX "
232707,,18/12/2025,C06540, OPERADORA DE HOTELES Y RESORT INNS DE MEXICO , SUNVIVIA ," CALZ CAMARON SABALO No. 6291   ZONA DORADAMAZATLAN,82110, SINMX "
232708,,18/12/2025,C06540, OPERADORA DE HOTELES Y RESORT INNS DE MEXICO , SUNVIVIA ," CALZ CAMARON SABALO No. 6291   ZONA DORADAMAZATLAN,82110, SINMX "
232714,,18/12/2025,C07209, IMPULSORA PLAZA TIJUANA , CITY JUNIOR MEXICALI (CJMXL) ," CALZADA MANUEL GOMEZ MORIN  #2120   GRANJAS AGRICOLASMEXICALI,21297, BCMX "
232715,,18/12/2025,C07318, IMPULSORA PLAZA JUAREZ , CITY EXPRESS LOS MOCHIS (CELMM) ," BLVD CENTENARIO No 1135   LAS DELICIASLOS MOCHIS,81277, SINMX "
232716,,18/12/2025,C07245, INMOBILIARIA TSEMACH , CITY EXPRESS TUXPAN (CETXP) ," AV. INDEPENDENCIA #118 A   LA RIVERATUXPAN,92870, VERMX "
232717,,18/12/2025,C09428, INSUMOS DE LIMPIEZA E HIGIENE , INSUMOS DE LIMPIEZA E HIGIENE ," CIRCUITO BOSQUES DE LA TRINIDAD 220   PLAN DE AYALATUXTLA GUTIERREZ,29020, CHSMX "
232721,,18/12/2025,C09485, OPERADORA DE HOTELES CATEDRAL , GARDEN INN MEXICO POLANCO ," TOLSTOI #22   ANZURESMIGUEL HIDALGO,11590, CMXMX "
232722,,18/12/2025,C07235, SINERGIA INMOBILIARIA DE MEXICO , CITY EXPRESS MONTERREY NORTE (CEMTN) ," CARRETERA A NUEVO LAREDO 21521-A   NO ESPECIFICADAAPODACA,66600, NLMX "
232724,,18/12/2025,C02491, OPERCROWN , CROWNE PLAZA LEON A0155975 (BJXCP) ," BOULEVARD J.MANUEL CLOUTHIER 245   JARDINES DEL CAMPESTRELEON,37128, GTOMX "
232725,,19/12/2025,C07221, IMPULSORA PLAZA TIJUANA OTAY , CITY JUNIOR TIJUANA OTAY (CJTIO) ," BLVD GENERAL LAZARO CARDENAS #16002   OTAY SECCION UNIVERSIDADTIJUANA,22427, BCMX "
232726,,19/12/2025,C07427, ADRIANA ALVAREZ ALVAREZ , INSUMOS DEL NORTE ," MANUEL J. CLOUTHIER #451-5   MARIA ISABELCD JUAREZ,32600, CHIMX "
232727,,19/12/2025,C09054, MIKSATUKSA , ULIV ," AVENIDA INSURGENTES SUR 235   ROMA NORTECUAUHTEMOC CDMX,06700, CMXMX "
232739,,19/12/2025,C06660, OPERADORA MSLP , MICROTEL SAN LUIS ," AVENIDA BENITO JUAREZ #3963 C   LAS MERCEDESSAN LUIS POTOSI,78394, SLPMX "
232740,,19/12/2025,C07454, OPERADORA TURISTICA AURORA , MICROTEL IRAPUATO (A0191470) ," PASEO DE LA SOLIDARIDAD #16098   N/AIRAPUATO,36625, GTOMX "
232741,,19/12/2025,C07020, OPERADORA OEA , ENCORE AGUASCALIENTES A0191473 ," BLVD JOSE MARIA CHAVEZ 1925   SAN PEDROAGUASCALIENTES,20280, AGSMX "
232742,,19/12/2025,C04260, OPERADORA HOTELERA SLP , ENCORE SAN LUIS A0191479 ," AV. BENITO JUAREZ #3963   LAS MERCEDESSAN LUIS POTOSI,78394, SLPMX "
232744,,19/12/2025,C05818, OPERADORA HOTELERA PUEBLA , RAMADA ENCORE PUEBLA A0191476 ," LATERAL DEL ANILLO PERIFERICO #1230   SAN FRANCISCO  OCOTLANCORONANGO,72680, PUEMX "
232745,,19/12/2025,C09052, OPERADORA HOTELERA GOLD , RADISSON PUEBLA ANGELOPOLIS (145137) ," BOULEVARD DEL NIÑO POBLANO 3120   SAN JOSE VISTA HERMOSAPUEBLA,72190, PUEMX "
232746,,19/12/2025,C09052, OPERADORA HOTELERA GOLD , RADISSON PUEBLA ANGELOPOLIS (145137) ," BOULEVARD DEL NIÑO POBLANO 3120   SAN JOSE VISTA HERMOSAPUEBLA,72190, PUEMX "
232750,,19/12/2025,C07287, IMPULSORA PLAZA JUAREZ , CITY EXPRESS PUEBLA CENTRO (CEPUE) ," 10 NORTE #1406   EL ALTOPUEBLA,72000, PUEMX "
232754,,05/01/2026,C07957, OPERADORA HOTELERA PUEBLA , ENCORE MONTERREY ," BLVD. CARLOS SALINAS DE GORTARI # 301 PTE   APODACA CENTROCIUDAD APODACA,66600, NLMX "
232755,,05/01/2026,C08976, ADMINISTRADORA HOTELERA OPUS , HOTEL OPUS GRAND ," BLVD. MIGUEL ALEMAN #505   SAN PEDRO TOTOLTEPECTOLUCA,50200, DF2MX "
232756,,05/01/2026,C07188, IMPULSORA PLAZA JUAREZ , CITY EXPRESS LEON (CELEO) ," BLVD. ADOLFO LOPEZ MATEOS OTE 3002-A   SAN ISIDRO DE JEREZLEON,37530, GTOMX "
232757,,05/01/2026,C03280, ADMINISTRADORA DE HOTELES GRT , REAL INN TIJUANA ," PASEO DE LOS HEROES 9902   ZONA URBANA RIOTIJUANA,22010, BCMX "
232758,,05/01/2026,C03030, CONTROLADORA HOTELERA POH , FIESTA INN AGUASCALIENTES PATIO  (FIAGP) ," JOSE MARIA CHAVEZ 1531 MZA 188 LT 20   AGRICULTURAAGUASCALIENTES,20234, AGSMX "
232759,,05/01/2026,C01565, FIDEICOMISO F/1596 , FIESTA INN MONCLOVA (FIMNC) ," BLVD.HAROLD R.PAPE 1909  JARDINES DE LA SALLE   JARDINES DE LA SALLEMONCLOVA,25750, COAMX "
232760,,05/01/2026,C03875, FIDEICOMISO F/1596 , ONE XALAPA (1JLPA) ," BOULEVARD CRISTOBAL COLON # 26   FRACC. JARDINES DE LAS ANIMASXALAPA,91190, VERMX "
232761,,05/01/2026,C01559, FIDEICOMISO F/1596 , FIESTA INN HERMOSILLO (FIHER) ," BLVD.EUSEBIO KINO 375   LOMAS DE PITICHERMOSILLO,83010, SONMX "
232762,,05/01/2026,C04600, FIDEICOMISO F/1596 , FIESTA INN LOS MOCHIS FIMOC ," BLVD. ANTONIO ROSALES 1435 SUR   CENTROLOS MOCHIS, AHOME,81240, SINMX "
232763,,05/01/2026,C02167, FIDEICOMISO F/1596 , FIESTA INN NUEVO LAREDO (FINVL) ," AV.REFORMA # 5102   COL. LAGOSNUEVO LAREDO,88290, TAMMX "
232764,,05/01/2026,C07272, IMPULSORA HOTELERA RIO CULIACAN , CITY EXPRESS CULIACAN (CECUL) ," BLVD. PEDRO INFANTE CRUZ #2885   DESARROLLO URBANO 3 RIOSCULIACAN,80020, SINMX "
232765,,05/01/2026,C02413, SINERGIA INMOBILIARIA DE MEXICO , CITY EXPRESS TORREON (CETRC) ," PERIFERICO RAUL LOPEZ SANCHEZ #5500   EL FRESNOTORREON,27018, COAMX "
232766,,05/01/2026,C08125, OPERADORA TURISTICA VICTORIA , FIESTA AMERICANA GRAND QUERETARO OTV ," BLVD.BERNARDO QUINTANA# 4050   ALAMOS 3A SECQUERETARO,76160, QUEMX "
232767,,05/01/2026,C08954, EMBARC MEXICO , HILTON IXTAPA ZIHUATANEJO (ZIHZI) ," CARRETERA ESCENICA A PLAYA LA ROPA S/N   LA ROPAZIHUATANEJO DE AZUETA,40895, GROMX "
232768,,05/01/2026,C09328, COMERCIALIZADORA SANITARIA , COMSAN ," AV. 6 S/N ENTRE CALLE 19 Y CALLE 20   CENTROGUAYMAS,85400, SONMX "
232769,,05/01/2026,C07401, IMPULSORA PLAZA TIJUANA OTAY , CITY EXPRESS ENSENADA (CEESE) ," PROL. BLVD. COSTERO # 2849 LOTE B-1 A-2 M-29   CARLOS PACHECOENSENADA,22890, BCMX "
232770,,05/01/2026,C07164, IMPULSORA PLAZA JUAREZ , CITY JUNIOR VILLAHERMOSA (CJVSA) ," BLVD ADOLFO RUIZ CORTINESs #2105   ATASTA DE SIERRAVILLAHERMOSA,86100, TABMX "
232771,,05/01/2026,C07351, IMPULSORA PLAZA TIJUANA , CITY EXPRESS SALTILLO SUR (CESLW) ," PERIFERICO LUIS ECHEVERRIA #350 A   LOURDESSALTILLO,25070, COAMX "
232772,,05/01/2026,C07450, OPERADORA DE HOTELES CELV , CITY EXPRESS LA VILLA (CEVIL) ," CALZADA GUADALUPE #236   VALLEJOCIUDAD DE MEXICO,07870, CMXMX "
232773,,05/01/2026,C07281, IMPULSORA PLAZA TIJUANA , CITY EXPRESS LAZARO CARDENAS (CELZC) ," AV. LAS PALMAS #1291   CENTROLAZARO CARDENAS,60950, MCHMX "
232774,,05/01/2026,C07318, IMPULSORA PLAZA JUAREZ , CITY EXPRESS LOS MOCHIS (CELMM) ," BLVD CENTENARIO No 1135   LAS DELICIASLOS MOCHIS,81277, SINMX "
232775,,05/01/2026,C02297, INMOBILIARIA HOTELERA PASO MONTEJO , CITY EXPRESS MERIDA (CEMID) ," CALLE 45 # 332 COL.BENITO JUAREZ NORTE   C.P. 97119MERIDAMERIDA,97119, YUCMX "
232776,,05/01/2026,C02296, IMPULSORA PLAZA TIJUANA , CITY EXPRESS NOGALES (CENOG) ," PROLONGACION AVENIDA ALVARO OBREGON NUMERO 4200   NUEVO NOGALESNOGALESNOGALES,84092, SONMX "
232777,,05/01/2026,C07298, ALMACENES PALACE RESORTS , LE BLANC CABOS ," KM 18.4 CARRETERA TRANSPENINSULAR SJC-CSL   LOMAS DEL TULESAN  JOSE DEL CABO,23405, BCSMX "
232778,,05/01/2026,C08936, SERVICIO DE PROMOCION Y COMERCIALIZACION DE ATITALAQUIA , CITY EXPRESS BY MARRIOTT TULA (CETUL) ," CARRETERA JOROBA TULA KM 25.8 SN   LA LOMA CARDONALATITALAQUIA,42970, HIDMX "
232779,,05/01/2026,C01699, GRUPO KIMBERLEY , HOLIDAY INN CAMPECHE (CPEMX) ," AV. RESURGIMIENTO 127   DEL PRADOCAMPECHE,24030, CAMMX "
232780,,05/01/2026,C07216, IMPULSORA PLAZA TIJUANA , CITY SUITES QUERETARO (CSQRO) ," AV 5 DE FEBRERO #9852   ZONA INDUSTRIAL BENITO JUAREZQUERETARO,76120, QUEMX "
232781,,05/01/2026,C07324, IMPULSORA PLAZA VILLA HERMOSA , CITY EXPRESS PLUS PUERTO VALLARTA (CPPVT) ," BLVD FRANCISCO MEDINA ASCENCIO #2860   ZONA HOTELERA NORTEPUERTO VALLARTA,48333, JALMX "
232782,,05/01/2026,C04102, HOTELES SOLARIS DE MEXICO , VILLAS SOLARIS ," BLVD. KUKULCAN  LOTE 64 SECCA 2A ETAPA   ZONA HOTELERACANCUNMPIO. BENITO JUAREZ,77500, QRMX "
